license_number,id,business_dba_name,license_type,license_status,business_legal_name,business_owner_name,business_structure,licensing_authority_id,licensing_authority,license_designation,license_status_date,license_term,premise_state,parcel_number,activity,issue_date,expiration_date,premise_city,premise_zip_code,premise_street_address,premise_county,premise_latitude,premise_longitude,business_phone,business_website,business_email,business_image_url,data_refreshed_date
10008,1013002,GREEN JAR,Retail Marijuana Store,Active-Operating,GREEN JAR,,,AAMCO,Alaska Alcohol and Marijuana Control Office,Adult-Use,,,AK,,,,,Bldg 2,Unit E,4901 E Blue Lupine Dr,Matanuska-Susitna Borough,61.5694046,-149.3262796,(907) 631-3800,https://thegreenjarak.com/,,,2023-04-24T18:17:38.234745
10021,1032050,"ENLIGHTEN ALASKA, LLC",Retail Marijuana Store,Active-Operating,"ENLIGHTEN ALASKA, LLC",,,AAMCO,Alaska Alcohol and Marijuana Control Office,Adult-Use,,,AK,,,,,Anchorage,99503,2600 Spenard Rd,Anchorage Municipality,61.1973181,-149.9057449,(907) 290-8559,http://www.enlightenak.com/,,,2023-04-24T18:17:38.234745
10037,1065302,ARCTIC HERBERY,Retail Marijuana Store,Active-Operating,ARCTIC HERBERY,,,AAMCO,Alaska Alcohol and Marijuana Control Office,Adult-Use,,,AK,,,,,Anchorage,99518,7107 Arctic Blvd,Anchorage Municipality,61.1562384,-149.8915502,(907) 222-1466,http://www.arcticherbery.com/,,,2023-04-24T18:17:38.234745
10056,1032472,"RED RUN CANNABIS COMPANY, LLC",Retail Marijuana Store,Active-Operating,"RED RUN CANNABIS COMPANY, LLC",,,AAMCO,Alaska Alcohol and Marijuana Control Office,Adult-Use,,,AK,,,,,Suite B,Kenai,,,,,,,,,2023-04-24T18:17:38.234745
10057,1032309,ALASKAN CANNABIS OUTFITTERS,Retail Marijuana Store,Active-Operating,ALASKAN CANNABIS OUTFITTERS,,,AAMCO,Alaska Alcohol and Marijuana Control Office,Adult-Use,,,AK,,,,,Homer,99603,41945 Sterling Hwy,Kenai Peninsula Borough,59.6642562,-151.664059,(443) 945-0334,,,,2023-04-24T18:17:38.234745
10060,1045783,THE GREEN SPOT LLC.,Retail Marijuana Store,Active-Operating,THE GREEN SPOT LLC.,,,AAMCO,Alaska Alcohol and Marijuana Control Office,Adult-Use,,,AK,,,,,BIG LAKE,99652,,,,,,,,,2023-04-24T18:17:38.234745
10094,1032729,"ALASKABUDS, LLC",Retail Marijuana Store,Active-Operating,"ALASKABUDS, LLC",,,AAMCO,Alaska Alcohol and Marijuana Control Office,Adult-Use,,,AK,,,,,Anchorage ,99501,1005 E 5th Ave,Anchorage Municipality,61.2178313,-149.8643732,(907) 334-6420,http://www.alaskabuds.com/,,,2023-04-24T18:17:38.234745
10097,1032945,RASPBERRY ROOTS,Retail Marijuana Store,Active-Operating,RASPBERRY ROOTS,,,AAMCO,Alaska Alcohol and Marijuana Control Office,Adult-Use,,,AK,,,,,Suite 101,Anchorage,501 Raspberry Rd #101,Anchorage Municipality,61.1597312,-149.8894578,(907) 522-2450,https://raspberryroots.com/?utm_source=SEO_Local&utm_medium=SEO_Local_Snack_Pack&utm_campaign=SEO_AL&utm_content=SEO_Anchorage&utm_term=35812,,,2023-04-24T18:17:38.234745
10113,1031886,GREAT ALASKAN BUD COMPANY,Retail Marijuana Store,Active-Operating,GREAT ALASKAN BUD COMPANY,,,AAMCO,Alaska Alcohol and Marijuana Control Office,Adult-Use,,,AK,,,,,Fairbanks,99701,1905 Livengood Ave,Fairbanks North Star Borough,64.8470435,-147.7604371,(907) 479-4420,http://www.greatalaskanbudcompany.com/,,,2023-04-24T18:17:38.234745
10131,1033032,"PAKALOLO SUPPLY COMPANY, INC.",Retail Marijuana Store,Active-Operating,"PAKALOLO SUPPLY COMPANY, INC.",,,AAMCO,Alaska Alcohol and Marijuana Control Office,Adult-Use,,,AK,,,,,Fairbanks,99701,1851 Fox Ave,Fairbanks North Star Borough,64.8470655,-147.7524302,(907) 479-9000,http://www.pakalolosupplyco.com/,,,2023-04-24T18:17:38.234745
10138,1019601,"NORTHERN LIGHTS INDOOR GARDENS, LLC",Retail Marijuana Store,Active-Operating,"NORTHERN LIGHTS INDOOR GARDENS, LLC",,,AAMCO,Alaska Alcohol and Marijuana Control Office,Adult-Use,,,AK,,,,,Suites N,O,1321 Sawmill Creek Road Suite L-P,Sitka City and Borough,57.0485018,-135.3052907,(907) 747-1087,https://northernlightsindoorgardens.com/,,,2023-04-24T18:17:38.234745
10149,1046490,"REMEDY SHOPPE, LLC",Retail Marijuana Store,Active-Operating,"REMEDY SHOPPE, LLC",,,AAMCO,Alaska Alcohol and Marijuana Control Office,Adult-Use,,,AK,,,,,Skagway,99840,,,,,,,,,2023-04-24T18:17:38.234745
10162,1033355,THE FROST FARMS,Retail Marijuana Store,Active-Operating,THE FROST FARMS,,,AAMCO,Alaska Alcohol and Marijuana Control Office,Adult-Use,,,AK,,,,,Unit B,Anchorage,8535 Dimond D Cir B,Anchorage Municipality,61.1433573,-149.8750932,(907) 522-5050,http://frostfarming.com/,,,2023-04-24T18:17:38.234745
10163,1033148,THE 420,Retail Marijuana Store,Active-Operating,THE 420,,,AAMCO,Alaska Alcohol and Marijuana Control Office,Adult-Use,,,AK,,,,,Petersburg,99833,307 N Nordic Dr,Petersburg Census Area,56.8135422,-132.9578491,,,,,2023-04-24T18:17:38.234745
10173,1032590,"HERBAL OUTFITTERS, LLC",Retail Marijuana Store,Active-Operating,"HERBAL OUTFITTERS, LLC",,,AAMCO,Alaska Alcohol and Marijuana Control Office,Adult-Use,,,AK,,,,,Lower Floor,Valdez,165 Fairbanks Dr,Valdez-Cordova Census Area,61.1300232,-146.3532717,(907) 835-4201,,,,2023-04-24T18:17:38.234745
10190,2154773,Midtown Roots,Retail Marijuana Store,Active-Operating,Midtown Roots,,,AAMCO,Alaska Alcohol and Marijuana Control Office,Adult-Use,,,AK,,,,,2A,Anchorage,,,,,,,,,2023-04-24T18:17:38.234745
10200,1033845,HAPPY CANNABIS,Retail Marijuana Store,Active-Operating,HAPPY CANNABIS,,,AAMCO,Alaska Alcohol and Marijuana Control Office,Adult-Use,,,AK,,,,,Wrangell,99929,223 Front St,Wrangell City and Borough,56.4711151,-132.383194,(907) 305-0292,,,,2023-04-24T18:17:38.234745
10220,2114050,Weed Dudes,Retail Marijuana Store,Active-Operating,Weed Dudes,,,AAMCO,Alaska Alcohol and Marijuana Control Office,Adult-Use,,,AK,,,,,Suite #J & K,Sitka,1321 Sawmill Creek Rd,Sitka City and Borough,57.0480862,-135.3050979,(907) 623-0605,http://weeddudessitka.com/,,,2023-04-24T18:17:38.234745
10236,2140319,Cannabaska,Retail Marijuana Store,Active-Operating,Cannabaska,,,AAMCO,Alaska Alcohol and Marijuana Control Office,Adult-Use,,,AK,,,,,Unit 201,Anchorage,521 W Tudor Rd,Anchorage Municipality,61.1810955,-149.8936984,(907) 375-9333,http://cannabaska.com/,,,2023-04-24T18:17:38.234745
10245,2125730,Double Eagle Cannabis,Retail Marijuana Store,Active-Operating,Double Eagle Cannabis,,,AAMCO,Alaska Alcohol and Marijuana Control Office,Adult-Use,,,AK,,,,,Suite A,Anchorage,2042 E 3rd Ave,Anchorage Municipality,61.2193458,-149.8419795,(907) 868-1450,https://weedmaps.com/dispensaries/ak-slow-burn,,,2023-04-24T18:17:38.234745
10252,1034813,POPEYES EMPORIUM II,Retail Marijuana Store,Active-Operating,POPEYES EMPORIUM II,,,AAMCO,Alaska Alcohol and Marijuana Control Office,Adult-Use,,,AK,,,,,Unit 1,Anchorage,3231 Spenard Rd,Anchorage Municipality,61.19094029999999,-149.9063988,(907) 561-4434,http://popeyes-emporium.keeq.io/,,,2023-04-24T18:17:38.234745
10254,2101487,Cannabaska,Retail Marijuana Store,Active-Operating,Cannabaska,,,AAMCO,Alaska Alcohol and Marijuana Control Office,Adult-Use,,,AK,,,,,Suite D,Anchorage,217 E 4th Ave,Anchorage Municipality,61.2187443,-149.8803554,(907) 308-7859,https://cannabaska.com/,,,2023-04-24T18:17:38.234745
10267,1015406,AM DELIGHT,Retail Marijuana Store,Active-Operating,AM DELIGHT,,,AAMCO,Alaska Alcohol and Marijuana Control Office,Adult-Use,,,AK,,,,,ANCHORAGE,99517,3902 Spenard Rd,Anchorage Municipality,61.18584800000001,-149.922034,(907) 229-1730,http://amdelightak.com/,,,2023-04-24T18:17:38.234745
10273,1056442,PINE STREET CANNABIS COMPANY,Retail Marijuana Store,Active-Operating,PINE STREET CANNABIS COMPANY,,,AAMCO,Alaska Alcohol and Marijuana Control Office,Adult-Use,,,AK,,,,,Soldotna,99669,36130 Pine St,Kenai Peninsula Borough,60.5040237,-150.9799456,(907) 260-3330,https://pinestreetcannabis.com/,,,2023-04-24T18:17:38.234745
10278,1035647,GOODSINSE LLC,Retail Marijuana Store,Active-Operating,GOODSINSE LLC,,,AAMCO,Alaska Alcohol and Marijuana Control Office,Adult-Use,,,AK,,,,,Fairbanks ,99709,2604 Davis Rd,Fairbanks North Star Borough,64.8281428,-147.7822607,(907) 347-7689,https://goodsinse.com/,,,2023-04-24T18:17:38.234745
10302,1036588,THE HOUSE OF GREEN,Retail Marijuana Store,Active-Operating,THE HOUSE OF GREEN,,,AAMCO,Alaska Alcohol and Marijuana Control Office,Adult-Use,,,AK,,,,,Upper Level,Anchorage,,,,,,,,,2023-04-24T18:17:38.234745
10306,1036765,"DANKORAGE, LLC",Retail Marijuana Store,Active-Operating,"DANKORAGE, LLC",,,AAMCO,Alaska Alcohol and Marijuana Control Office,Adult-Use,,,AK,,,,,Anchorage,99503,2812 Spenard Rd,Anchorage Municipality,61.1940964,-149.9059303,(907) 279-3265,http://www.dankorage.com/,,,2023-04-24T18:17:38.234745
10316,1036888,DENALI 420 RECREATIONALS,Retail Marijuana Store,Active-Operating,DENALI 420 RECREATIONALS,,,AAMCO,Alaska Alcohol and Marijuana Control Office,Adult-Use,,,AK,,,,,Houston,99694,2876 Rex St,Matanuska-Susitna Borough,61.6125297,-149.7810058,(907) 892-9333,http://denali420recreationals.com/,,,2023-04-24T18:17:38.234745
10577,1032890,"ALASKAN LEAF, LLC",Retail Marijuana Store,Active-Operating,"ALASKAN LEAF, LLC",,,AAMCO,Alaska Alcohol and Marijuana Control Office,Adult-Use,,,AK,,,,,Suite A,Anchorage,1211 W 36th Ave,Anchorage Municipality,61.18840909999999,-149.9069304,(907) 770-0262,http://www.alaskanleaf.com/,,,2023-04-24T18:17:38.234745
10589,1038024,NATURES RELEAF LLC,Retail Marijuana Store,Active-Operating,NATURES RELEAF LLC,,,AAMCO,Alaska Alcohol and Marijuana Control Office,Adult-Use,,,AK,,,,,Fairbanks,99701,503 7th Ave,Fairbanks North Star Borough,64.8407675,-147.7164012,(907) 374-9333,http://aknaturesreleaf.com/,,,2023-04-24T18:17:38.234745
10590,1033006,CANNABIS CORNER,Retail Marijuana Store,Active-Operating,CANNABIS CORNER,,,AAMCO,Alaska Alcohol and Marijuana Control Office,Adult-Use,,,AK,,,,,Ketchikan,99901,9735 Mud Bay Rd,Ketchikan Gateway Borough,55.4204078,-131.7686621,,,,,2023-04-24T18:17:38.234745
10646,1032773,THE GREEN ROOM AK,Retail Marijuana Store,Active-Operating,THE GREEN ROOM AK,,,AAMCO,Alaska Alcohol and Marijuana Control Office,Adult-Use,,,AK,,,,,Anchorage,99501,610 C St # A-7,Anchorage Municipality,61.2161541,-149.8875812,(907) 258-2837,,,,2023-04-24T18:17:38.234745
10648,1038791,UNCLE HERB'S,Retail Marijuana Store,Active-Operating,UNCLE HERB'S,,,AAMCO,Alaska Alcohol and Marijuana Control Office,Adult-Use,,,AK,,,,,Anchorage,99518,6511 Arctic Spur Rd,Anchorage Municipality,61.16193189999999,-149.8952809,(907) 561-4372,https://uncleherbs.com/dispensary-locations/anchorage-arctic-spur/?utm_medium=organic&utm_source=gbp&utm_campaign=website,,,2023-04-24T18:17:38.234745
10800,1034839,THE FIREWEED FACTORY LLC,Retail Marijuana Store,Active-Operating,THE FIREWEED FACTORY LLC,,,AAMCO,Alaska Alcohol and Marijuana Control Office,Adult-Use,,,AK,,,,,Juneau,99801,237 Front St,Juneau City and Borough,58.3005032,-134.4060143,(907) 780-4190,https://www.instagram.com/fireweedfactory/,,,2023-04-24T18:17:38.234745
10831,1036025,HIGH BUSH BUDS,Retail Marijuana Store,Active-Operating,HIGH BUSH BUDS,,,AAMCO,Alaska Alcohol and Marijuana Control Office,Adult-Use,,,AK,,,,,Suite 2,Soldotna,36312 Irons Ave #2,Kenai Peninsula Borough,60.50650399999999,-151.0838317,(907) 953-9393,https://highbushbuds.com/,,,2023-04-24T18:17:38.234745
10837,2151074,Anchorage Dispensary Hillside Natural Wellness,Retail Marijuana Store,Active-Operating,Anchorage Dispensary Hillside Natural Wellness,,,AAMCO,Alaska Alcohol and Marijuana Control Office,Adult-Use,,,AK,,,,,Suite 1,Anchorage,8639 Toloff St,Anchorage Municipality,61.14204340000001,-149.8410881,(907) 868-8639,https://hnwalaska.com/,,,2023-04-24T18:17:38.234745
10844,1036860,"GREEN ELEPHANT, LLC",Retail Marijuana Store,Active-Operating,"GREEN ELEPHANT, LLC",,,AAMCO,Alaska Alcohol and Marijuana Control Office,Adult-Use,,,AK,,,,,Suite B,Juneau,,,,,,,,,2023-04-24T18:17:38.234745
10866,1034759,AK FROST,Retail Marijuana Store,Active-Operating,AK FROST,,,AAMCO,Alaska Alcohol and Marijuana Control Office,Adult-Use,,,AK,,,,,Suite 102,Anchorage,5200 A St,Anchorage Municipality,61.1733764,-149.8834821,(907) 563-9333,http://www.ak-frost.com/,,,2023-04-24T18:17:38.234745
10869,1040267,GRASS STATION 49,Retail Marijuana Store,Active-Operating,GRASS STATION 49,,,AAMCO,Alaska Alcohol and Marijuana Control Office,Adult-Use,,,AK,,,,,Fairbanks,99701,1326 Cushman St,Fairbanks North Star Borough,64.83663899999999,-147.7210496,(907) 374-4420,https://grassstation49.com/grass-station-49-recreational-marijuana-dispensary-cushman/?utm_source=terrayn_gbp&utm_medium=organic&utm_campaign=cushman_gbp,,,2023-04-24T18:17:38.234745
10873,1040109,THE STONEY MOOSE,Retail Marijuana Store,Active-Operating,THE STONEY MOOSE,,,AAMCO,Alaska Alcohol and Marijuana Control Office,Adult-Use,,,AK,,,,,Ketchikan,99901,127 Stedman St,Ketchikan Gateway Borough,55.3416881,-131.6418515,(907) 220-9099,http://thestoneymoose.com/,,,2023-04-24T18:17:38.234745
10883,2130116,Rainforest Cannabis,Retail Marijuana Store,Active-Operating,Rainforest Cannabis,,,AAMCO,Alaska Alcohol and Marijuana Control Office,Adult-Use,,,AK,,,,,Ketchikan,99901,726 Water St,Ketchikan Gateway Borough,55.3443895,-131.652555,(907) 247-9333,https://www.rainforestcannabis.com/,,,2023-04-24T18:17:38.234745
10890,1094177,PAKALOLO OCEANSIDE,Retail Marijuana Store,Active-Operating,PAKALOLO OCEANSIDE,,,AAMCO,Alaska Alcohol and Marijuana Control Office,Adult-Use,,,AK,,,,,Anchorage,99501,735 W 4th Ave,Anchorage Municipality,61.2186768,-149.8969362,(907) 646-9000,https://pakalolosupplyco.com/,,,2023-04-24T18:17:38.234745
10901,1040691,THE HIGH EXPEDITION COMPANY,Retail Marijuana Store,Active-Operating,THE HIGH EXPEDITION COMPANY,,,AAMCO,Alaska Alcohol and Marijuana Control Office,Adult-Use,,,AK,,,,,Talkeetna,99676,13465 E Main St,Matanuska-Susitna Borough,62.32331869999999,-150.11752,(907) 733-0911,http://thehighexpedition.com/,,,2023-04-24T18:17:38.234745
11000,1041064,CHENA CANNABIS,Retail Marijuana Store,Active-Operating,CHENA CANNABIS,,,AAMCO,Alaska Alcohol and Marijuana Control Office,Adult-Use,,,AK,,,,,Suite 101,North Pole,1725 Richardson Hwy,Fairbanks North Star Borough,64.7909088,-147.5243988,(907) 488-0489,,,,2023-04-24T18:17:38.234745
11031,2161271,The Culture,Retail Marijuana Store,Active-Operating,The Culture,,,AAMCO,Alaska Alcohol and Marijuana Control Office,Adult-Use,,,AK,,,,,Wasilla,99654,2301 S Knik Goose Bay Rd,Matanuska-Susitna Borough,61.55676639999999,-149.4852533,(907) 357-4427,http://thecultureak.com/,,,2023-04-24T18:17:38.234745
11050,1041697,HOUSTON GRASS STATION LLC,Retail Marijuana Store,Active-Operating,HOUSTON GRASS STATION LLC,,,AAMCO,Alaska Alcohol and Marijuana Control Office,Adult-Use,,,AK,,,,,Houston,99694,15231 W Parks Hwy,Matanuska-Susitna Borough,61.61343,-149.7850646,(907) 892-4727,http://hgs420.org/,,,2023-04-24T18:17:38.234745
11053,1041822,TRUE DANK,Retail Marijuana Store,Active-Operating,TRUE DANK,,,AAMCO,Alaska Alcohol and Marijuana Control Office,Adult-Use,,,AK,,,,,Suite A,Fairbanks,1550 S Cushman St,Fairbanks North Star Borough,64.8332566,-147.7171728,(907) 451-4516,https://dutchie.com/dispensary/true-dank,,,2023-04-24T18:17:38.234745
11119,2129663,Alaskan Grown Cannabis,Retail Marijuana Store,Active-Operating,Alaskan Grown Cannabis,,,AAMCO,Alaska Alcohol and Marijuana Control Office,Adult-Use,,,AK,,,,,Nome,99762,303-C W E St,Nome Census Area,64.5007723,-165.4158016,,https://www.akgrowncannabis.com/nome,,,2023-04-24T18:17:38.234745
11121,1042680,"BAD GRAMM3R, LLC",Retail Marijuana Store,Active-Operating,"BAD GRAMM3R, LLC",,,AAMCO,Alaska Alcohol and Marijuana Control Office,Adult-Use,,,AK,,,,,Wasilla,99654,1150 N Helen Ln,Matanuska-Susitna Borough,61.5898815,-149.4023753,(907) 357-0420,https://www.badgramm3r.com/,,,2023-04-24T18:17:38.234745
11140,1042820,"FAT TOPS, LLC.",Retail Marijuana Store,Active-Operating,"FAT TOPS, LLC.",,,AAMCO,Alaska Alcohol and Marijuana Control Office,Adult-Use,,,AK,,,,,Soldotna,99669,36380 Murray Ln,Kenai Peninsula Borough,60.50817480000001,-150.9184722,(907) 262-4200,http://fattops.com/,,,2023-04-24T18:17:38.234745
11198,1043398,ONE HIT WONDER,Retail Marijuana Store,Active-Operating,ONE HIT WONDER,,,AAMCO,Alaska Alcohol and Marijuana Control Office,Adult-Use,,,AK,,,,,Suite 1,Fairbanks,,,,,,,,,2023-04-24T18:17:38.234745
11303,1044171,HOLLYWEED 907,Retail Marijuana Store,Active-Operating,HOLLYWEED 907,,,AAMCO,Alaska Alcohol and Marijuana Control Office,Adult-Use,,,AK,,,,,Anchorage,99507,2429 E 88th Ave,Anchorage Municipality,61.1413683,-149.8361541,(907) 929-3331,http://akhollyweed907.com/,,,2023-04-24T18:17:38.234745
11382,1030318,DENALI'S CANNABIS CACHE LLC,Retail Marijuana Store,Active-Operating,DENALI'S CANNABIS CACHE LLC,,,AAMCO,Alaska Alcohol and Marijuana Control Office,Adult-Use,,,AK,,,,,Suite 420,Denali National Park,,,,,,,,,2023-04-24T18:17:38.234745
11411,1044156,"DENALI DISPENSARIES, LLC",Retail Marijuana Store,Active-Operating,"DENALI DISPENSARIES, LLC",,,AAMCO,Alaska Alcohol and Marijuana Control Office,Adult-Use,,,AK,,,,,Anchorage,99501,225 E 5th Ave,Anchorage Municipality,61.2177259,-149.8801482,(907) 646-4200,http://denalidispensaries.com/,,,2023-04-24T18:17:38.234745
11509,1033200,PERMAFROST DISTRIBUTORS,Retail Marijuana Store,Active-Operating,PERMAFROST DISTRIBUTORS,,,AAMCO,Alaska Alcohol and Marijuana Control Office,Adult-Use,,,AK,,,,,Sterling,99672,32630 June Dr,Kenai Peninsula Borough,60.526706,-150.725112,(907) 260-7584,https://www.akpermafrost.com/,,,2023-04-24T18:17:38.234745
11547,1087372,CLOUDBERRY CANNABIS,Retail Marijuana Store,Active-Operating,CLOUDBERRY CANNABIS,,,AAMCO,Alaska Alcohol and Marijuana Control Office,Adult-Use,,,AK,,,,,Anchorage,99503,3307 Spenard Rd,Anchorage Municipality,61.19046659999999,-149.9070978,(907) 644-3010,https://www.cloudberrycannabis.com/,,,2023-04-24T18:17:38.234745
11614,1051872,AK JOINT,Retail Marijuana Store,Active-Operating,AK JOINT,,,AAMCO,Alaska Alcohol and Marijuana Control Office,Adult-Use,,,AK,,,,,Unit F,Anchorage,7801 Schoon St,Anchorage Municipality,61.15014309999999,-149.8752224,(907) 522-5222,http://www.akjoint.com/,,,2023-04-24T18:17:38.234745
11638,2092986,"Catalyst Retail, LLC",Retail Marijuana Store,Active-Operating,"Catalyst Retail, LLC",,,AAMCO,Alaska Alcohol and Marijuana Control Office,Adult-Use,,,AK,,,,,#4,Anchorage,9900 Old Seward Hwy #4,Anchorage Municipality,61.13106299999999,-149.8650296,(907) 344-0668,https://www.catalystcannabisco.com/old-seward-hwy,,,2023-04-24T18:17:38.234745
11731,1062162,SCORPION GRASS,Retail Marijuana Store,Active-Operating,SCORPION GRASS,,,AAMCO,Alaska Alcohol and Marijuana Control Office,Adult-Use,,,AK,,,,,Anchorage,99507,1551 E Tudor Rd,Anchorage Municipality,61.1811473,-149.853347,(907) 771-4021,https://weedmaps.com/dispensaries/ak-slow-burn-1,,,2023-04-24T18:17:38.234745
11927,1041284,GREEN LIFE SUPPLY LLC,Retail Marijuana Store,Active-Operating,GREEN LIFE SUPPLY LLC,,,AAMCO,Alaska Alcohol and Marijuana Control Office,Adult-Use,,,AK,,,,,Fairbanks,99701,511 30th Ave,Fairbanks North Star Borough,64.8197611,-147.7127826,(907) 374-4769,http://greenlife-co.paqe.io/,,,2023-04-24T18:17:38.234745
11966,1065429,GREAT NORTHERN CANNABIS,Retail Marijuana Store,Active-Operating,GREAT NORTHERN CANNABIS,,,AAMCO,Alaska Alcohol and Marijuana Control Office,Adult-Use,,,AK,,,,,Anchorage,99501,541 W 4th Ave,Anchorage Municipality,61.2186927,-149.89303,(907) 929-9333,https://www.greatnortherncannabis.com/,,,2023-04-24T18:17:38.234745
12023,1078259,GREEN DEGREE,Retail Marijuana Store,Active-Operating,GREEN DEGREE,,,AAMCO,Alaska Alcohol and Marijuana Control Office,Adult-Use,,,AK,,,,,Retail Space,Wasilla,3361 W Machen Rd,,61.58360200000001,-149.5343666,(907) 376-4372,http://greendegree.net/,,,2023-04-24T18:17:38.234745
12316,1050006,"ANCHORAGE BOWL, LLC.",Retail Marijuana Store,Active-Operating,"ANCHORAGE BOWL, LLC.",,,AAMCO,Alaska Alcohol and Marijuana Control Office,Adult-Use,,,AK,,,,,Anchorage,99517,4000 Spenard Rd,Anchorage Municipality,61.18400579999999,-149.9270845,(907) 770-2690,https://anchoragebowl420.com/,,,2023-04-24T18:17:38.234745
12325,2115560,GOOD Cannabis,Retail Marijuana Store,Active-Operating,GOOD Cannabis,,,AAMCO,Alaska Alcohol and Marijuana Control Office,Adult-Use,,,AK,,,,,Fairbanks,99701,356 Old Steese Hwy,Fairbanks North Star Borough,64.8489182,-147.7037154,(907) 452-5463,https://www.goodalaska.com/,,,2023-04-24T18:17:38.234745
12437,1038961,"ALASKA CANNABIS EXCHANGE, LLC",Retail Marijuana Store,Active-Operating,"ALASKA CANNABIS EXCHANGE, LLC",,,AAMCO,Alaska Alcohol and Marijuana Control Office,Adult-Use,,,AK,,,,,ANCHORAGE,99503,2906 Spenard Rd,Anchorage Municipality,61.1934446,-149.9058538,(907) 301-4208,https://alaskacannabisexchange.com/,,,2023-04-24T18:17:38.234745
12635,1033365,GREEN DEGREE,Retail Marijuana Store,Active-Operating,GREEN DEGREE,,,AAMCO,Alaska Alcohol and Marijuana Control Office,Adult-Use,,,AK,,,,,(Northern Portion of the Building),SUTTON,,,,,,,,,2023-04-24T18:17:38.234745
12768,1052541,SECRET GARDEN CANNABIS,Retail Marijuana Store,Active-Operating,SECRET GARDEN CANNABIS,,,AAMCO,Alaska Alcohol and Marijuana Control Office,Adult-Use,,,AK,,,,,Suite 1,Anchorage,726 E 15th Ave,Anchorage Municipality,61.2074153,-149.8694521,(907) 748-9333,https://secretgardencannabis.com/?utm_source=terrayn_gbp&utm_medium=organic&utm_campaign=SecretGarden,,,2023-04-24T18:17:38.234745
12866,1038791,UNCLE HERB'S,Retail Marijuana Store,Active-Operating,UNCLE HERB'S,,,AAMCO,Alaska Alcohol and Marijuana Control Office,Adult-Use,,,AK,,,,,Unit 2,Homer,,,,,,,,,2023-04-24T18:17:38.234745
12956,1040267,GRASS STATION 49,Retail Marijuana Store,Active-Operating,GRASS STATION 49,,,AAMCO,Alaska Alcohol and Marijuana Control Office,Adult-Use,,,AK,,,,,Fairbanks,99712,665 Rainbow Dr,Fairbanks North Star Borough,64.88886790000001,-147.6194514,(907) 456-4108,https://grassstation49.com/grass-station-49-recreational-marijuana-dispensary-chena-hot-springs-road/?utm_source=terrayn_gbp&utm_medium=organic&utm_campaign=sgoldstream_gbp,,,2023-04-24T18:17:38.234745
13119,1051864,REBEL ROOTS LLC,Retail Marijuana Store,Active-Operating,REBEL ROOTS LLC,,,AAMCO,Alaska Alcohol and Marijuana Control Office,Adult-Use,,,AK,,,,,Fairbanks,99709,2575 Goldstream Rd,Fairbanks North Star Borough,64.9131546,-147.9047088,(907) 455-4055,https://weedmaps.com/dispensaries/rebel-roots,,,2023-04-24T18:17:38.234745
13217,1047535,GLACIER VALLEY SHOP,Retail Marijuana Store,Active-Operating,GLACIER VALLEY SHOP,,,AAMCO,Alaska Alcohol and Marijuana Control Office,Adult-Use,,,AK,,,,,Suite 1,Juneau,8505 Old Dairy Rd #1,Juneau City and Borough,58.3617095,-134.5721282,(907) 419-7943,http://www.glaciervalleyshoppe.com/,,,2023-04-24T18:17:38.234745
13279,1054744,THE MASON JAR LLC,Retail Marijuana Store,Active-Operating,THE MASON JAR LLC,,,AAMCO,Alaska Alcohol and Marijuana Control Office,Adult-Use,,,AK,,,,,Unit E,Juneau,2771 Sherwood Ln Unit E,Juneau City and Borough,58.3710907,-134.6166209,(907) 500-7420,http://www.akmasonjar.com/,,,2023-04-24T18:17:38.234745
13382,1054904,EAST RIP,Retail Marijuana Store,Active-Operating,EAST RIP,,,AAMCO,Alaska Alcohol and Marijuana Control Office,Adult-Use,,,AK,,,,,SUITE D,KENAI,10767 Kenai Spur Hwy Space D,Kenai Peninsula Borough,60.5563168,-151.2418947,(907) 283-7833,http://www.east-rip.com/,,,2023-04-24T18:17:38.234745
14083,2089241,Alaska Weeds,Retail Marijuana Store,Active-Operating,Alaska Weeds,,,AAMCO,Alaska Alcohol and Marijuana Control Office,Adult-Use,,,AK,,,,,Suite 2A,Anchorage,6209 Mike St #2a,Anchorage Municipality,61.1644781,-149.8915866,(907) 349-3337,http://www.akweeds.com/,,,2023-04-24T18:17:38.234745
14200,2091163,Matanuska Cannabis Company,Retail Marijuana Store,Active-Operating,Matanuska Cannabis Company,,,AAMCO,Alaska Alcohol and Marijuana Control Office,Adult-Use,,,AK,,,,,Palmer,99645,3550 S Old Glenn Hwy,Matanuska-Susitna Borough,61.5419727,-149.0363912,(907) 745-4211,http://matanuskacannabis.com/,,,2023-04-24T18:17:38.234745
14359,1039577,"TIP TOP, LLC",Retail Marijuana Store,Active-Operating,"TIP TOP, LLC",,,AAMCO,Alaska Alcohol and Marijuana Control Office,Adult-Use,,,AK,,,,,Suite 1,Anchorage,,,,,,,,,2023-04-24T18:17:38.234745
15016,2083338,Clear Cut Cannabis,Retail Marijuana Store,Active-Operating,Clear Cut Cannabis,,,AAMCO,Alaska Alcohol and Marijuana Control Office,Adult-Use,,,AK,,,,,Anchorage,99518,1133 E 68th Ave,Anchorage Municipality,61.1594156,-149.8608991,(907) 245-0044,https://clearcutcannabis907.com/,,,2023-04-24T18:17:38.234745
15019,1058469,THE TREE HOUSE AK,Retail Marijuana Store,Active-Operating,THE TREE HOUSE AK,,,AAMCO,Alaska Alcohol and Marijuana Control Office,Adult-Use,,,AK,,,,,Anchorage,99504,341 Boniface Pkwy D,Anchorage Municipality,61.22107529999999,-149.7777544,(907) 229-2284,http://www.thetreehouseak.com/,,,2023-04-24T18:17:38.234745
15061,1060238,WINTER GREENS LLC,Retail Marijuana Store,Active-Operating,WINTER GREENS LLC,,,AAMCO,Alaska Alcohol and Marijuana Control Office,Adult-Use,,,AK,,,,,haines,99827,75 Beach Rd,Haines Borough,59.2275724,-135.4385385,(907) 766-3637,https://wintergreenscannabis.com/,,,2023-04-24T18:17:38.234745
15246,1060209,THUNDER CLOUD 9,Retail Marijuana Store,Active-Operating,THUNDER CLOUD 9,,,AAMCO,Alaska Alcohol and Marijuana Control Office,Adult-Use,,,AK,,,,,2B,Juneau,5310 Commercial Blvd,Juneau City and Borough,58.3575839,-134.4834654,(907) 419-8429,https://thundercloud9.buzz/,,,2023-04-24T18:17:38.234745
15393,1037289,MAJESTIC GARDENS LLC,Retail Marijuana Store,Active-Operating,MAJESTIC GARDENS LLC,,,AAMCO,Alaska Alcohol and Marijuana Control Office,Adult-Use,,,AK,,,,,Kenai,99611,,,,,,,,,2023-04-24T18:17:38.234745
15788,1062162,SCORPION GRASS,Retail Marijuana Store,Active-Operating,SCORPION GRASS,,,AAMCO,Alaska Alcohol and Marijuana Control Office,Adult-Use,,,AK,,,,,Suite 1,Wasilla,,,,,,,,,2023-04-24T18:17:38.234745
15814,1033939,"TANANA HERB COMPANY, LLC",Retail Marijuana Store,Active-Operating,"TANANA HERB COMPANY, LLC",,,AAMCO,Alaska Alcohol and Marijuana Control Office,Adult-Use,,,AK,,,,,Fairbanks,99701,1200 Well St,Fairbanks North Star Borough,64.84956869999999,-147.7285269,(907) 750-0865,http://tananaherbcompany.com/,,,2023-04-24T18:17:38.234745
15916,2099269,K Beach Reef,Retail Marijuana Store,Active-Operating,K Beach Reef,,,AAMCO,Alaska Alcohol and Marijuana Control Office,Adult-Use,,,AK,,,,,(Log cabin on SE portion nearest highway),Soldotna,42106 K Beach Rd,Kenai Peninsula Borough,60.5074908,-151.1695984,(907) 335-0016,http://kbeachreef.com/,,,2023-04-24T18:17:38.234745
16184,1063483,THEE TREASURE CHEST LLC.,Retail Marijuana Store,Active-Operating,THEE TREASURE CHEST LLC.,,,AAMCO,Alaska Alcohol and Marijuana Control Office,Adult-Use,,,AK,,,,,Craig,99921,1000 Water St,Prince of Wales-Hyder Census Area,55.47649240000001,-133.1447687,(907) 826-2499,http://treasurechest907.com/,,,2023-04-24T18:17:38.234745
16213,1063457,ALASKAN KUSH COMPANY,Retail Marijuana Store,Active-Operating,ALASKAN KUSH COMPANY,,,AAMCO,Alaska Alcohol and Marijuana Control Office,Adult-Use,,,AK,,,,,Juneau,99801,159 S Franklin St,Juneau City and Borough,58.30042169999999,-134.4050155,(907) 500-7440,http://www.akkushco.com/,,,2023-04-24T18:17:38.234745
16529,1065154,GOOD BUDS LLC,Retail Marijuana Store,Active-Operating,GOOD BUDS LLC,,,AAMCO,Alaska Alcohol and Marijuana Control Office,Adult-Use,,,AK,,,,,Seward,99664,11770 Seward Hwy,Kenai Peninsula Borough,60.15127249999999,-149.4194056,(907) 422-7598,https://www.leafly.com/dispensary-info/good-buds,,,2023-04-24T18:17:38.234745
16579,1040267,GRASS STATION 49,Retail Marijuana Store,Active-Pending Inspection,GRASS STATION 49,,,AAMCO,Alaska Alcohol and Marijuana Control Office,Adult-Use,,,AK,,,,,Fairbanks,99709,,,,,,,,,2023-04-24T18:17:38.234745
16610,1065429,GREAT NORTHERN CANNABIS,Retail Marijuana Store,Active-Operating,GREAT NORTHERN CANNABIS,,,AAMCO,Alaska Alcohol and Marijuana Control Office,Adult-Use,,,AK,,,,,Anchorage,99515,1901 W Dimond Blvd,Anchorage Municipality,61.13875249999999,-149.9144816,(907) 334-5874,http://www.greatnortherncannabis.com/,,,2023-04-24T18:17:38.234745
16915,1066517,BRISTOL BAY BUD COMPANY,Retail Marijuana Store,Active-Operating,BRISTOL BAY BUD COMPANY,,,AAMCO,Alaska Alcohol and Marijuana Control Office,Adult-Use,,,AK,,,,,Dillingham,99576,233 Airport Rd,Dillingham Census Area,59.04054519999999,-158.5252724,(907) 843-1495,https://www.bristolbaybudcompany.com/,,,2023-04-24T18:17:38.234745
17068,1067444,OUTPOST,Retail Marijuana Store,Active-Operating,OUTPOST,,,AAMCO,Alaska Alcohol and Marijuana Control Office,Adult-Use,,,AK,,,,,Palmer,99645,1044 S Old Glenn Hwy,Matanuska-Susitna Borough,61.57256,-149.04734,,,,,2023-04-24T18:17:38.234745
17077,1040267,GRASS STATION 49,Retail Marijuana Store,Active-Operating,GRASS STATION 49,,,AAMCO,Alaska Alcohol and Marijuana Control Office,Adult-Use,,,AK,,,,,Suite B.,Nome,223 Front St,Nome Census Area,64.4974447,-165.4074002,(907) 443-6938,http://www.grassstation49.com/,,,2023-04-24T18:17:38.234745
17176,1067892,STATE OF MIND CANNABIS COMPANY,Retail Marijuana Store,Active-Pending Inspection,STATE OF MIND CANNABIS COMPANY,,,AAMCO,Alaska Alcohol and Marijuana Control Office,Adult-Use,,,AK,,,,,#C,Seward,,,,,,,,,2023-04-24T18:17:38.234745
17204,1064632,MARY'S GARDEN,Retail Marijuana Store,Active-Operating,MARY'S GARDEN,,,AAMCO,Alaska Alcohol and Marijuana Control Office,Adult-Use,,,AK,,,,,Soldotna,99669,50110 Sterling Hwy,Kenai Peninsula Borough,60.40847549999999,-151.1618019,(907) 262-0830,https://splinternetmarketing.com/local-pros/alaska/soldotna/marys-garden/,,,2023-04-24T18:17:38.234745
17250,2086134,Pipe and Leaf: Premium Alaskan Cannabis,Retail Marijuana Store,Complete,Pipe and Leaf: Premium Alaskan Cannabis,,,AAMCO,Alaska Alcohol and Marijuana Control Office,Adult-Use,,,AK,,,,,Fairbanks,99709,901 Old Steese Hwy,Fairbanks North Star Borough,64.8519408,-147.6889538,,,,,2023-04-24T18:17:38.234745
17480,1069211,"TUNDRA HERB COMPANY, LLC",Retail Marijuana Store,Active-Operating,"TUNDRA HERB COMPANY, LLC",,,AAMCO,Alaska Alcohol and Marijuana Control Office,Adult-Use,,,AK,,,,,Suite A,Anchorage,520 W 6th Ave Suite #A,Anchorage Municipality,61.21643160000001,-149.8926106,(907) 929-4372,http://www.tundraherbco.com/,,,2023-04-24T18:17:38.234745
17758,1064577,THE TUFTED PUFFIN LLC,Retail Marijuana Store,Active-Operating,THE TUFTED PUFFIN LLC,,,AAMCO,Alaska Alcohol and Marijuana Control Office,Adult-Use,,,AK,,,,,Seward,99664,216 4th Ave Unit # 2,Kenai Peninsula Borough,60.101823,-149.44009,(907) 224-2222,http://www.thetuftedpuffin.com/,,,2023-04-24T18:17:38.234745
17764,1070263,ALASKAN GROWN CANNABIS,Retail Marijuana Store,Active-Operating,ALASKAN GROWN CANNABIS,,,AAMCO,Alaska Alcohol and Marijuana Control Office,Adult-Use,,,AK,,,,,Kotzebue,99752,585a Third Ave,Northwest Arctic Borough,66.8986508,-162.5895412,,https://www.akgrowncannabis.com/kotzebue,,,2023-04-24T18:17:38.234745
17808,1069832,KENAI RIVER CANNABIS,Retail Marijuana Store,Active-Operating,KENAI RIVER CANNABIS,,,AAMCO,Alaska Alcohol and Marijuana Control Office,Adult-Use,,,AK,,,,,Kenai,99611,14429 Kenai Spur Hwy,Kenai Peninsula Borough,60.5798703,-151.3202443,(907) 395-0476,,,,2023-04-24T18:17:38.234745
18117,1070934,MARYJANE'S CANNABIS EMPORIUM,Retail Marijuana Store,Active-Operating,MARYJANE'S CANNABIS EMPORIUM,,,AAMCO,Alaska Alcohol and Marijuana Control Office,Adult-Use,,,AK,,,,,Anchorage,99502,8857 Jewel Lake Rd,Anchorage Municipality,61.1397774,-149.9503374,(907) 677-7689,,,,2023-04-24T18:17:38.234745
18545,1067691,NOME GROWN LLC,Retail Marijuana Store,Active-Operating,NOME GROWN LLC,,,AAMCO,Alaska Alcohol and Marijuana Control Office,Adult-Use,,,AK,,,,,NOME,99762,605 W 2nd Ave,Nome Census Area,64.5001791,-165.4152805,(907) 443-6844,http://nomegrown.com/,,,2023-04-24T18:17:38.234745
18702,1093108,COLD CITY CANNABIS,Retail Marijuana Store,Active-Operating,COLD CITY CANNABIS,,,AAMCO,Alaska Alcohol and Marijuana Control Office,Adult-Use,,,AK,,,,,#1,Anchorage,1210 E 70th Ave,Anchorage Municipality,61.15658159999999,-149.8593846,(907) 222-9988,http://cannabisdispensaryanchorage.com/,,,2023-04-24T18:17:38.234745
18735,1032729,"ALASKABUDS, LLC",Retail Marijuana Store,Active-Operating,"ALASKABUDS, LLC",,,AAMCO,Alaska Alcohol and Marijuana Control Office,Adult-Use,,,AK,,,,,Suite B,Bethel,,,,,,,,,2023-04-24T18:17:38.234745
18929,1082271,ALASKA CANNABIS COMPANY,Retail Marijuana Store,Active-Operating,ALASKA CANNABIS COMPANY,,,AAMCO,Alaska Alcohol and Marijuana Control Office,Adult-Use,,,AK,,,,,Unit E,Nikiski,43280 Kenai Spur Hwy,Kenai Peninsula Borough,60.60785300000001,-151.3310041,(907) 283-0821,http://www.alaskacannabis.com/,,,2023-04-24T18:17:38.234745
19178,1077356,"HIGHER BY BAD GRAMM3R, LLC",Retail Marijuana Store,Active-Operating,"HIGHER BY BAD GRAMM3R, LLC",,,AAMCO,Alaska Alcohol and Marijuana Control Office,Adult-Use,,,AK,,,,,Palmer,99645,1204 Hyer Spur,Matanuska-Susitna Borough,61.59164539999999,-149.2990915,(907) 745-0420,https://www.badgramm3r.com/dispensaries/palmer-ak/,,,2023-04-24T18:17:38.234745
19277,1078189,THE HERBAL CACHE LLC,Retail Marijuana Store,Active-Operating,THE HERBAL CACHE LLC,,,AAMCO,Alaska Alcohol and Marijuana Control Office,Adult-Use,,,AK,,,,,Girdwood,99587,,,,,,,,,2023-04-24T18:17:38.234745
19300,1056442,PINE STREET CANNABIS COMPANY,Retail Marijuana Store,Active-Operating,PINE STREET CANNABIS COMPANY,,,AAMCO,Alaska Alcohol and Marijuana Control Office,Adult-Use,,,AK,,,,,Suite B,Soldotna,139 Warehouse Dr b,Kenai Peninsula Borough,60.480935,-151.0753778,(907) 260-2006,http://www.pinestreetcannabis.com/,,,2023-04-24T18:17:38.234745
19658,1088016,DEJAVU CANNABIS COMPANY,Retail Marijuana Store,Active-Operating,DEJAVU CANNABIS COMPANY,,,AAMCO,Alaska Alcohol and Marijuana Control Office,Adult-Use,,,AK,,,,,Kodiak,99615,11676 Rezanof Dr W,Kodiak Island Borough,57.69662899999999,-152.5821989,(907) 486-3352,http://dejavukodiak.com/?utm_source=gmb&utm_medium=referral,,,2023-04-24T18:17:38.234745
19834,2095214,Coldsmoke,Retail Marijuana Store,Active-Operating,Coldsmoke,,,AAMCO,Alaska Alcohol and Marijuana Control Office,Adult-Use,,,AK,,,,,SUITE B,SOLDOTNA,840 Kalifornsky Beach Rd SUITE B,Kenai Peninsula Borough,60.47376149999999,-151.1262072,(907) 262-9333,,,,2023-04-24T18:17:38.234745
19898,2098780,AKO FARMS DIRECT,Retail Marijuana Store,Active-Operating,AKO FARMS DIRECT,,,AAMCO,Alaska Alcohol and Marijuana Control Office,Adult-Use,,,AK,,,,,Sitka,99835,1210 Beardslee Wy,Sitka City and Borough,57.0514194,-135.3063887,(907) 623-0322,http://akofarms.com/,,,2023-04-24T18:17:38.234745
20113,1093390,"HIGH RISE, LLC",Retail Marijuana Store,Active-Operating,"HIGH RISE, LLC",,,AAMCO,Alaska Alcohol and Marijuana Control Office,Adult-Use,,,AK,,,,,Suite 102,Kodiak,104 Center St # 102,Kodiak Island Borough,57.78890430000001,-152.4071893,(907) 512-0400,http://www.highrise907.com/,,,2023-04-24T18:17:38.234745
20151,2090055,Canna Get Happy LLC,Retail Marijuana Store,Active-Operating,Canna Get Happy LLC,,,AAMCO,Alaska Alcohol and Marijuana Control Office,Adult-Use,,,AK,,,,,Anchorage,99501,810 E 6th Ave,Anchorage Municipality,61.2162964,-149.8683431,(907) 278-0510,https://www.cannagethappyak.com/,,,2023-04-24T18:17:38.234745
20221,2100881,Denali Grass Company,Retail Marijuana Store,Active-Operating,Denali Grass Company,,,AAMCO,Alaska Alcohol and Marijuana Control Office,Adult-Use,,,AK,,,,,Suite A,Healy,,,,,,,,,2023-04-24T18:17:38.234745
20366,1065429,GREAT NORTHERN CANNABIS,Retail Marijuana Store,Active-Operating,GREAT NORTHERN CANNABIS,,,AAMCO,Alaska Alcohol and Marijuana Control Office,Adult-Use,,,AK,,,,,Anchorage,99507,2600 E Tudor Rd,Anchorage Municipality,61.18038849999999,-149.8316401,(907) 677-4367,http://www.greatnortherncannabis.com/,,,2023-04-24T18:17:38.234745
20439,1109607,ALASKAN GROWN CANNABIS,Retail Marijuana Store,Delegated,ALASKAN GROWN CANNABIS,,,AAMCO,Alaska Alcohol and Marijuana Control Office,Adult-Use,,,AK,,,,,Bethel,99559,230 Tundra Way,Bethel Census Area,60.794757,-161.7546477,,,,,2023-04-24T18:17:38.234745
20440,1109613,ALASKAN GROWN CANNABIS,Retail Marijuana Store,Delegated,ALASKAN GROWN CANNABIS,,,AAMCO,Alaska Alcohol and Marijuana Control Office,Adult-Use,,,AK,,,,,Connex,Bethel,1510 Chief Eddie Hoffman Hwy,Bethel Census Area,60.78829400000001,-161.8164709,,,,,2023-04-24T18:17:38.234745
20561,1108077,BADGER BUDS LLC,Retail Marijuana Store,Active-Operating,BADGER BUDS LLC,,,AAMCO,Alaska Alcohol and Marijuana Control Office,Adult-Use,,,AK,,,,,North Pole,99705,2008 Levado Ave,Fairbanks North Star Borough,64.8229144,-147.4419073,(907) 385-0323,http://badgerbudsak.com/,,,2023-04-24T18:17:38.234745
20827,1040494,GOOD TITRATIONS,Retail Marijuana Store,Active-Operating,GOOD TITRATIONS,,,AAMCO,Alaska Alcohol and Marijuana Control Office,Adult-Use,,,AK,,,,,Fairbanks,99701,506 Merhar Ave Suite B,Fairbanks North Star Borough,64.8582631,-147.6942442,(907) 474-4663,http://www.goodtitrations.com/,,,2023-04-24T18:17:38.234745
20865,1038791,UNCLE HERB'S,Retail Marijuana Store,Active-Operating,UNCLE HERB'S,,,AAMCO,Alaska Alcohol and Marijuana Control Office,Adult-Use,,,AK,,,,,A5,Anchorage,360 Boniface Pkwy,Anchorage Municipality,61.2216119,-149.7808722,(907) 332-4372,https://uncleherbs.com/dispensary-locations/anchorage-boniface/?utm_medium=organic&utm_source=gbp&utm_campaign=website,,,2023-04-24T18:17:38.234745
20983,2083324,King Street Cannabis Co,Retail Marijuana Store,Active-Operating,King Street Cannabis Co,,,AAMCO,Alaska Alcohol and Marijuana Control Office,Adult-Use,,,AK,,,,,Suite A,Anchorage,8430 Laviento Dr,Anchorage Municipality,61.14399760000001,-149.8783283,(907) 522-5464,http://kingstreetcannabisco.com/,,,2023-04-24T18:17:38.234745
21069,2083424,Wildflower,Retail Marijuana Store,Active-Operating,Wildflower,,,AAMCO,Alaska Alcohol and Marijuana Control Office,Adult-Use,,,AK,,,,,Kodiak,99615,158 Alimaq Dr,Kodiak Island Borough,57.785263,-152.3985748,,http://wildflowerkodiak.com/,,,2023-04-24T18:17:38.234745
21084,1070263,ALASKAN GROWN CANNABIS,Retail Marijuana Store,Delegated,ALASKAN GROWN CANNABIS,,,AAMCO,Alaska Alcohol and Marijuana Control Office,Adult-Use,,,AK,,,,,Utqiagvik,99723,,,,,,,,,2023-04-24T18:17:38.234745
21170,2084402,Green Zone,Retail Marijuana Store,Active-Operating,Green Zone,,,AAMCO,Alaska Alcohol and Marijuana Control Office,Adult-Use,,,AK,,,,,Kotzebue,99762,543 Bison St,Northwest Arctic Borough,66.9000592,-162.591396,,,,,2023-04-24T18:17:38.234745
21227,2084675,Kusko Kush,Retail Marijuana Store,Active-Operating,Kusko Kush,,,AAMCO,Alaska Alcohol and Marijuana Control Office,Adult-Use,,,AK,,,,,Bethel,99559,,,,,,,,,2023-04-24T18:17:38.234745
21417,2111543,Cosmic Cannabis Company,Retail Marijuana Store,Active-Operating,Cosmic Cannabis Company,,,AAMCO,Alaska Alcohol and Marijuana Control Office,Adult-Use,,,AK,,,,,Homer,99603,261 E Bunnell Ave,Kenai Peninsula Borough,59.63950339999999,-151.5396728,(907) 435-0508,http://cosmiccannabisak.com/,,,2023-04-24T18:17:38.234745
21619,2092852,Laughing salmon,Retail Marijuana Store,Active-Operating,Laughing salmon,,,AAMCO,Alaska Alcohol and Marijuana Control Office,Adult-Use,,,AK,,,,,Wasilla,99654,173 N Rosie Cir #1,Matanuska-Susitna Borough,61.58303120000001,-149.3917003,(907) 376-0420,https://laughing-salmon-cannabis.business.site/?utm_source=gmb&utm_medium=referral,,,2023-04-24T18:17:38.234745
21724,2087306,The Red Light District,Retail Marijuana Store,Active-Operating,The Red Light District,,,AAMCO,Alaska Alcohol and Marijuana Control Office,Adult-Use,,,AK,,,,,1A,Anchorage,405 E Northern Lights Blvd,Anchorage Municipality,61.19542749999999,-149.8755214,(907) 677-9333,https://alaskaredlight.com/,,,2023-04-24T18:17:38.234745
22091,2088944,Green Raven LLC,Retail Marijuana Store,Active-Operating,Green Raven LLC,,,AAMCO,Alaska Alcohol and Marijuana Control Office,Adult-Use,,,AK,,,,,Wasilla,99623,,,,,,,,,2023-04-24T18:17:38.234745
22150,2088101,Top Shelf Herbs Of Alaska LLC,Retail Marijuana Store,Active-Operating,Top Shelf Herbs Of Alaska LLC,,,AAMCO,Alaska Alcohol and Marijuana Control Office,Adult-Use,,,AK,,,,,Anchorage,99503,901 Photo Ave Suite A,Anchorage Municipality,61.1946856,-149.9007837,(907) 222-2488,http://www.topshelfherbsofalaska.com/,,,2023-04-24T18:17:38.234745
22294,1070263,ALASKAN GROWN CANNABIS,Retail Marijuana Store,Active-Operating,ALASKAN GROWN CANNABIS,,,AAMCO,Alaska Alcohol and Marijuana Control Office,Adult-Use,,,AK,,,,,Ninilchik,99639,14477 Sterling Hwy,Kenai Peninsula Borough,60.0614689,-151.6496524,,,,,2023-04-24T18:17:38.234745
22297,1031682,FOXY ENTERPRISES,Retail Marijuana Store,Active-Operating,FOXY ENTERPRISES,,,AAMCO,Alaska Alcohol and Marijuana Control Office,Adult-Use,,,AK,,,,,Fairbanks,99712,2158 Old Steese Hwy N,Fairbanks North Star Borough,64.9574786,-147.6205696,,,,,2023-04-24T18:17:38.234745
22327,2090055,Canna Get Happy LLC,Retail Marijuana Store,Active-Operating,Canna Get Happy LLC,,,AAMCO,Alaska Alcohol and Marijuana Control Office,Adult-Use,,,AK,,,,,Wasilla,99654,2321 E Palmer-Wasilla Hwy,Matanuska-Susitna Borough,61.5835122,-149.3936147,(907) 376-2900,http://www.cannagethappyak.com/,,,2023-04-24T18:17:38.234745
22713,2141566,Mile High Alaska,Retail Marijuana Store,Active-Operating,Mile High Alaska,,,AAMCO,Alaska Alcohol and Marijuana Control Office,Adult-Use,,,AK,,,,,Suite B,Anchorage,,,,,,,,,2023-04-24T18:17:38.234745
22716,2091408,CANNABLISS,Retail Marijuana Store,Active-Operating,CANNABLISS,,,AAMCO,Alaska Alcohol and Marijuana Control Office,Adult-Use,,,AK,,,,,Anchorage,99501,2001 E 5th Ave,Anchorage Municipality,61.2177884,-149.8433809,(907) 770-8940,http://www.cannablissak.com/,,,2023-04-24T18:17:38.234745
22809,2091749,Airport Way Best Bud,Retail Marijuana Store,Active-Operating,Airport Way Best Bud,,,AAMCO,Alaska Alcohol and Marijuana Control Office,Adult-Use,,,AK,,,,,Fairbanks,99709,3598 Airport Way,Fairbanks North Star Borough,64.8373687,-147.8111512,(907) 328-0422,https://www.leafly.com/dispensary-info/airport-way-best-bud,,,2023-04-24T18:17:38.234745
23122,2119742,MSB Flight,Retail Marijuana Store,Active-Operating,MSB Flight,,,AAMCO,Alaska Alcohol and Marijuana Control Office,Adult-Use,,,AK,,,,,Wasilla,99654,5675 E Blue Lupine Dr,Matanuska-Susitna Borough,61.5685122,-149.3084193,,,,,2023-04-24T18:17:38.234745
23455,2093844,Hatcher's Grass,Retail Marijuana Store,Active-Operating,Hatcher's Grass,,,AAMCO,Alaska Alcohol and Marijuana Control Office,Adult-Use,,,AK,,,,,Building #2,Palmer,9300 N Palmer-Fishhook Rd,Matanuska-Susitna Borough,61.6902885,-149.2431793,(907) 746-3018,https://www.hatchersgrass.com/,,,2023-04-24T18:17:38.234745
23468,2175652,Green Market,Retail Marijuana Store,Active-Operating,Green Market,,,AAMCO,Alaska Alcohol and Marijuana Control Office,Adult-Use,,,AK,,,,,Suite 1A,Anchorage,301 E Dimond Blvd,Anchorage Municipality,61.14513530000001,-149.8770866,(907) 312-8420,https://www.akgreengrowcer.org/,,,2023-04-24T18:17:38.234745
23627,2094627,Happy Walrus Enterprises,Retail Marijuana Store,Delegated,Happy Walrus Enterprises,,,AAMCO,Alaska Alcohol and Marijuana Control Office,Adult-Use,,,AK,,,,,Point Hope,99766,Agviq St,North Slope Borough,68.3487778,-166.7289245,,,,,2023-04-24T18:17:38.234745
23652,2094860,SupHerb,Retail Marijuana Store,Active-Operating,SupHerb,,,AAMCO,Alaska Alcohol and Marijuana Control Office,Adult-Use,,,AK,,,,,ANCHORAGE,99501,2121 N Post Rd,Anchorage Municipality,61.228151,-149.8412449,,,,,2023-04-24T18:17:38.234745
23694,2094945,Greenstar Flower Outlet,Retail Marijuana Store,Active-Operating,Greenstar Flower Outlet,,,AAMCO,Alaska Alcohol and Marijuana Control Office,Adult-Use,,,AK,,,,,Suite B,Kenai,40593 Kalifornsky Beach Rd,Kenai Peninsula Borough,60.5177552,-151.1983299,(907) 953-7797,,,,2023-04-24T18:17:38.234745
23777,1065302,ARCTIC HERBERY,Retail Marijuana Store,Active-Operating,ARCTIC HERBERY,,,AAMCO,Alaska Alcohol and Marijuana Control Office,Adult-Use,,,AK,,,,,Building #2,Cooper Landing,,,,,,,,,2023-04-24T18:17:38.234745
23810,1042820,"FAT TOPS, LLC.",Retail Marijuana Store,Active-Operating,"FAT TOPS, LLC.",,,AAMCO,Alaska Alcohol and Marijuana Control Office,Adult-Use,,,AK,,,,,Soldotna,99669,35975 Kenai Spur Hwy,Kenai Peninsula Borough,60.50192,-151.0785009,(907) 260-2613,http://httpsfattops.com/,,,2023-04-24T18:17:38.234745
23813,2164234,Alaskan Grown Cannabis,Retail Marijuana Store,Active-Operating,Alaskan Grown Cannabis,,,AAMCO,Alaska Alcohol and Marijuana Control Office,Adult-Use,,,AK,,,,,Utqiagvik,99723,,,,,,,,,2023-04-24T18:17:38.234745
23821,2092987,Catalyst Cannabis Company,Retail Marijuana Store,Active-Operating,Catalyst Cannabis Company,,,AAMCO,Alaska Alcohol and Marijuana Control Office,Adult-Use,,,AK,,,,,Anchorage,99504,317 Muldoon Rd,Anchorage Municipality,61.2202035,-149.7326119,(907) 222-6847,https://www.catalystcannabisco.com/muldoon,,,2023-04-24T18:17:38.234745
23934,2129064,The Depot,Retail Marijuana Store,Active-Operating,The Depot,,,AAMCO,Alaska Alcohol and Marijuana Control Office,Adult-Use,,,AK,,,,,Suite 1,Willow,28011 Old Parks Hwy,Matanuska-Susitna Borough,61.7074623,-150.0052947,(907) 495-0711,,,,2023-04-24T18:17:38.234745
23966,2096072,The Honey Pot,Retail Marijuana Store,Active-Operating,The Honey Pot,,,AAMCO,Alaska Alcohol and Marijuana Control Office,Adult-Use,,,AK,,,,,Unit C,North Pole,2364 Badger Rd Unit C,Fairbanks North Star Borough,64.8086471,-147.4052734,(907) 385-0322,http://www.thehoneypot907.com/,,,2023-04-24T18:17:38.234745
24049,2096387,Country Cannabis,Retail Marijuana Store,Active-Operating,Country Cannabis,,,AAMCO,Alaska Alcohol and Marijuana Control Office,Adult-Use,,,AK,,,,,Palmer,99645,2323 S Trunk Rd #3,Matanuska-Susitna Borough,61.56097059999999,-149.2691628,(907) 745-4663,http://www.countrycannabisak.com/,,,2023-04-24T18:17:38.234745
24097,1043289,ALASKA HARVEST COMPANY LLC,Retail Marijuana Store,Active-Operating,ALASKA HARVEST COMPANY LLC,,,AAMCO,Alaska Alcohol and Marijuana Control Office,Adult-Use,,,AK,,,,,Soldotna,99669,43837 Kalifornsky Beach Rd,Kenai Peninsula Borough,60.48700789999999,-151.153959,(907) 953-3466,http://alaskaharvestcompany.com/,,,2023-04-24T18:17:38.234745
24238,2098019,Ganja Guys of Alaska,Retail Marijuana Store,Active-Operating,Ganja Guys of Alaska,,,AAMCO,Alaska Alcohol and Marijuana Control Office,Adult-Use,,,AK,,,,,Anchorage,99518,101 E International Airport Rd,Anchorage Municipality,61.17395699999999,-149.8826951,(907) 206-4420,https://www.akganjaguys.com/,,,2023-04-24T18:17:38.234745
24383,2098768,Primo,Retail Marijuana Store,Active-Operating,Primo,,,AAMCO,Alaska Alcohol and Marijuana Control Office,Adult-Use,,,AK,,,,,Space 105,Anchorage,12870 Old Seward Hwy Suite 105,Anchorage Municipality,61.10356729999999,-149.8588401,(907) 336-2837,https://www.primoak.com/,,,2023-04-24T18:17:38.234745
24541,2097118,Releaf,Retail Marijuana Store,Active-Pending Inspection,Releaf,,,AAMCO,Alaska Alcohol and Marijuana Control Office,Adult-Use,,,AK,,,,,Unit A,Anchorage,910 W International Airport Rd,Anchorage Municipality,61.17325659999999,-149.9007589,(907) 250-5453,http://www.releafak.com/,,,2023-04-24T18:17:38.234745
24870,2122396,High-Mark Cannabis,Retail Marijuana Store,Active-Operating,High-Mark Cannabis,,,AAMCO,Alaska Alcohol and Marijuana Control Office,Adult-Use,,,AK,,,,,Wasilla,99623,3807 W Machen Rd,,61.5850296,-149.546051,(907) 357-8742,http://www.highmarkalaska.com/,,,2023-04-24T18:17:38.234745
25169,2102968,Green Degree's Cannabis Bar,Retail Marijuana Store,Delegated,Green Degree's Cannabis Bar,,,AAMCO,Alaska Alcohol and Marijuana Control Office,Adult-Use,,,AK,,,,,Anchorage,99503,2421 Spenard Rd,Anchorage Municipality,61.19999719999999,-149.9066548,,,,,2023-04-24T18:17:38.234745
25190,2101719,Alaskan coffee pot,Retail Marijuana Store,Active-Operating,Alaskan coffee pot,,,AAMCO,Alaska Alcohol and Marijuana Control Office,Adult-Use,,,AK,,,,,Juneau,99801,2219 Dunn St,Juneau City and Borough,58.36585619999999,-134.5918604,(907) 523-9333,https://www.alaskancoffeepot.com/,,,2023-04-24T18:17:38.234745
25309,2104068,Voodoo Cannabis Company,Retail Marijuana Store,Active-Operating,Voodoo Cannabis Company,,,AAMCO,Alaska Alcohol and Marijuana Control Office,Adult-Use,,,AK,,,,,anchorage,99501,930 Gambell St,Anchorage Municipality,61.2130674,-149.8714624,(907) 865-8889,http://voodooalaska.com/,,,2023-04-24T18:17:38.234745
25324,2104183,Alaskan Grown Cannabis,Retail Marijuana Store,Active-Operating,Alaskan Grown Cannabis,,,AAMCO,Alaska Alcohol and Marijuana Control Office,Adult-Use,,,AK,,,,,Dillingham,99576,213 West A Street,Dillingham Census Area,59.0385025,-158.4646386,,http://www.akgrowncannabis.com/,,,2023-04-24T18:17:38.234745
25442,2105381,Alaskan Originals,Retail Marijuana Store,Active-Operating,Alaskan Originals,,,AAMCO,Alaska Alcohol and Marijuana Control Office,Adult-Use,,,AK,,,,,Wasilla,99623,3591 Vine Rd,,61.5420506,-149.600801,(907) 357-4092,,,,2023-04-24T18:17:38.234745
25902,2108036,Tl'oh Suu by Green Degree,Retail Marijuana Store,Active-Operating,Tl'oh Suu by Green Degree,,,AAMCO,Alaska Alcohol and Marijuana Control Office,Adult-Use,,,AK,,,,,Northway,99764,,,,,,,,,2023-04-24T18:17:38.234745
26251,1035647,GOODSINSE LLC,Retail Marijuana Store,Active-Operating,GOODSINSE LLC,,,AAMCO,Alaska Alcohol and Marijuana Control Office,Adult-Use,,,AK,,,,,Fairbanks,99701,29 College Rd STE 8C,Fairbanks North Star Borough,64.8504069,-147.7055773,(907) 328-2902,https://goodsinsecannabis.com/,,,2023-04-24T18:17:38.234745
26721,2111965,Mr. Budd,Retail Marijuana Store,Delegated,Mr. Budd,,,AAMCO,Alaska Alcohol and Marijuana Control Office,Adult-Use,,,AK,,,,,Suite 1,Palmer,,,,,,,,,2023-04-24T18:17:38.234745
27096,1033365,GREEN DEGREE,Retail Marijuana Store,Active-Operating,GREEN DEGREE,,,AAMCO,Alaska Alcohol and Marijuana Control Office,Adult-Use,,,AK,,,,,Wasilla,99623,2888 S Clapp St,,61.55022999999999,-149.5403568,(907) 376-3155,http://www.greendegree.net/,,,2023-04-24T18:17:38.234745
27199,2114743,"Green Jar Palmer, LLC",Retail Marijuana Store,Delegated,"Green Jar Palmer, LLC",,,AAMCO,Alaska Alcohol and Marijuana Control Office,Adult-Use,,,AK,,,,,Suite 420,Palmer,,,,,,,,,2023-04-24T18:17:38.234745
27317,2115576,Talkeetna Connection,Retail Marijuana Store,Delegated,Talkeetna Connection,,,AAMCO,Alaska Alcohol and Marijuana Control Office,Adult-Use,,,AK,,,,,Talkeetna,99676,,,,,,,,,2023-04-24T18:17:38.234745
27522,2116208,The Connoisseur Lounge,Retail Marijuana Store,Active-Operating,The Connoisseur Lounge,,,AAMCO,Alaska Alcohol and Marijuana Control Office,Adult-Use,,,AK,,,,,Palmer,99645,226 Evergreen Ave,Matanuska-Susitna Borough,61.5991894,-149.1175257,(907) 746-4200,http://theconnoisseurlounge.net/,,,2023-04-24T18:17:38.234745
27532,2111699,Alaska Vibes,Retail Marijuana Store,Active-Pending Inspection,Alaska Vibes,,,AAMCO,Alaska Alcohol and Marijuana Control Office,Adult-Use,,,AK,,,,,Juneau,99801,,,,,,,,,2023-04-24T18:17:38.234745
28012,1054744,THE MASON JAR LLC,Retail Marijuana Store,Active-Operating,THE MASON JAR LLC,,,AAMCO,Alaska Alcohol and Marijuana Control Office,Adult-Use,,,AK,,,,,Juneau,99801,,,,,,,,,2023-04-24T18:17:38.234745
28093,1036588,THE HOUSE OF GREEN,Retail Marijuana Store,Active-Pending Inspection,THE HOUSE OF GREEN,,,AAMCO,Alaska Alcohol and Marijuana Control Office,Adult-Use,,,AK,,,,,Anchorage,99515,3105 Minnesota Dr,Anchorage Municipality,61.1913952,-149.9125708,(907) 929-3105,https://www.houseofgreenak.com/?utm_source=terrayn_gbp&utm_medium=organic&utm_campaign=anchorage_gbp,,,2023-04-24T18:17:38.234745
28899,2125467,worner brothers outpost,Retail Marijuana Store,Active-Operating,worner brothers outpost,,,AAMCO,Alaska Alcohol and Marijuana Control Office,Adult-Use,,,AK,,,,,Sterling,99672,33590 Sterling Hwy,Kenai Peninsula Borough,60.5368602,-150.7537605,(907) 420-4882,https://www.wornerbrothersak.com/,,,2023-04-24T18:17:38.234745
28917,2125636,Back Alley Vapes,Retail Marijuana Store,Active-Operating,Back Alley Vapes,,,AAMCO,Alaska Alcohol and Marijuana Control Office,Adult-Use,,,AK,,,,,Suite D,kenai,51698 Kenai Spur Hwy,Kenai Peninsula Borough,60.7284411,-151.3049778,(907) 215-0222,https://dutchie.com/stores/back-alley-vapes,,,2023-04-24T18:17:38.234745
29084,2111155,Highpothermia,Retail Marijuana Store,Delegated,Highpothermia,,,AAMCO,Alaska Alcohol and Marijuana Control Office,Adult-Use,,,AK,,,,,Anchorage,99501,741 E 13th Ave,Anchorage Municipality,61.2097987,-149.869411,,,,,2023-04-24T18:17:38.234745
29095,2126889,Scorpion Grass,Retail Marijuana Store,Delegated,Scorpion Grass,,,AAMCO,Alaska Alcohol and Marijuana Control Office,Adult-Use,,,AK,,,,,Anchorage,99515,,,,,,,,,2023-04-24T18:17:38.234745
29266,2127813,Dandelion,Retail Marijuana Store,Active-Operating,Dandelion,,,AAMCO,Alaska Alcohol and Marijuana Control Office,Adult-Use,,,AK,,,,,Haines,99827,,,,,,,,,2023-04-24T18:17:38.234745
29341,2128444,Cannabis Cove,Retail Marijuana Store,Active-Operating,Cannabis Cove,,,AAMCO,Alaska Alcohol and Marijuana Control Office,Adult-Use,,,AK,,,,,Ketchikan,99901,7198 N Tongass Hwy,Ketchikan Gateway Borough,55.41069700000001,-131.722639,(907) 225-7575,http://www.thecannabiscove.com/,,,2023-04-24T18:17:38.234745
29422,2128909,Dimebag,Retail Marijuana Store,Delegated,Dimebag,,,AAMCO,Alaska Alcohol and Marijuana Control Office,Adult-Use,,,AK,,,,,Wasilla,99654,2343 Birch Lake Dr,Matanuska-Susitna Borough,61.55938,-149.785921,,,,,2023-04-24T18:17:38.234745
29564,1051864,REBEL ROOTS LLC,Retail Marijuana Store,Active-Operating,REBEL ROOTS LLC,,,AAMCO,Alaska Alcohol and Marijuana Control Office,Adult-Use,,,AK,,,,,Fairbanks,99712,,,,,,,,,2023-04-24T18:17:38.234745
29768,2121975,Higher Dimensions,Retail Marijuana Store,Active-Operating,Higher Dimensions,,,AAMCO,Alaska Alcohol and Marijuana Control Office,Adult-Use,,,AK,,,,,Ketchikan,99901,,,,,,,,,2023-04-24T18:17:38.234745
29874,2131856,Smoke Out Point,Retail Marijuana Store,Delegated,Smoke Out Point,,,AAMCO,Alaska Alcohol and Marijuana Control Office,Adult-Use,,,AK,,,,,Palmer,99645,1044 S Old Glenn Hwy,Matanuska-Susitna Borough,61.5717925,-149.0440702,(907) 230-7956,https://www.kushtopiaoutpost.com/,,,2023-04-24T18:17:38.234745
30153,1038791,UNCLE HERB'S,Retail Marijuana Store,Active-Operating,UNCLE HERB'S,,,AAMCO,Alaska Alcohol and Marijuana Control Office,Adult-Use,,,AK,,,,,Suite 1,Anchorage,209 King Cir,Anchorage Municipality,61.1315807,-149.878443,(907) 243-4372,https://uncleherbs.com/dispensary-locations/anchorage-king-circle/?utm_medium=organic&utm_source=gbp&utm_campaign=website,,,2023-04-24T18:17:38.234745
30156,1038791,UNCLE HERB'S,Retail Marijuana Store,Delegated,UNCLE HERB'S,,,AAMCO,Alaska Alcohol and Marijuana Control Office,Adult-Use,,,AK,,,,,Soldotna,99669,44728 Sterling Hwy,Kenai Peninsula Borough,60.47896280000001,-151.0790104,,,,,2023-04-24T18:17:38.234745
30362,2135771,The Pot Shop,Retail Marijuana Store,Delegated,The Pot Shop,,,AAMCO,Alaska Alcohol and Marijuana Control Office,Adult-Use,,,AK,,,,,Anchorage,99503,902 W Northern Lights Blvd,Anchorage Municipality,61.1950113,-149.9011475,,,,,2023-04-24T18:17:38.234745
30459,2136366,Alaskan Grown Cannabis,Retail Marijuana Store,Delegated,Alaskan Grown Cannabis,,,AAMCO,Alaska Alcohol and Marijuana Control Office,Adult-Use,,,AK,,,,,Unit 1,Anchorage,,,,,,,,,2023-04-24T18:17:38.234745
30563,2136975,Good Vibes Bethel,Retail Marijuana Store,Active-Operating,Good Vibes Bethel,,,AAMCO,Alaska Alcohol and Marijuana Control Office,Adult-Use,,,AK,,,,,Bethel,99559,,,,,,,,,2023-04-24T18:17:38.234745
30593,2086134,Pipe and Leaf: Premium Alaskan Cannabis,Retail Marijuana Store,Active-Operating,Pipe and Leaf: Premium Alaskan Cannabis,,,AAMCO,Alaska Alcohol and Marijuana Control Office,Adult-Use,,,AK,,,,,Fairbanks,99709,,,,,,,,,2023-04-24T18:17:38.234745
30783,2124851,Wobbly Moose,Retail Marijuana Store,Active-Pending Inspection,Wobbly Moose,,,AAMCO,Alaska Alcohol and Marijuana Control Office,Adult-Use,,,AK,,,,,Anchorage,99501,,,,,,,,,2023-04-24T18:17:38.234745
30822,2138622,Copper Nugget,Retail Marijuana Store,Delegated,Copper Nugget,,,AAMCO,Alaska Alcohol and Marijuana Control Office,Adult-Use,,,AK,,,,,Laurence Barrett,Addition to,,,,,,,,,2023-04-24T18:17:38.234745
30838,2138318,Stash Cannabis Company,Retail Marijuana Store,Active-Operating,Stash Cannabis Company,,,AAMCO,Alaska Alcohol and Marijuana Control Office,Adult-Use,,,AK,,,,,Building #2,Big Lake,,,,,,,,,2023-04-24T18:17:38.234745
30974,2139373,"Green Jar Hatcher Pass, LLC",Retail Marijuana Store,Active-Operating,"Green Jar Hatcher Pass, LLC",,,AAMCO,Alaska Alcohol and Marijuana Control Office,Adult-Use,,,AK,,,,,Palmer,99645,9351 N Palmer-Fishhook Rd,Matanuska-Susitna Borough,61.69019230000001,-149.241083,(907) 631-3800,http://www.thegreenjarak.com/,,,2023-04-24T18:17:38.234745
31005,2139604,Green Growcer,Retail Marijuana Store,Delegated,Green Growcer,,,AAMCO,Alaska Alcohol and Marijuana Control Office,Adult-Use,,,AK,,,,,Unit 1 (same as unit A),Anchorage,,,,,,,,,2023-04-24T18:17:38.234745
31417,2092987,Catalyst Cannabis Company,Retail Marijuana Store,Delegated,Catalyst Cannabis Company,,,AAMCO,Alaska Alcohol and Marijuana Control Office,Adult-Use,,,AK,,,,,Anchorage,99508,,,,,,,,,2023-04-24T18:17:38.234745
31418,2092987,Catalyst Cannabis Company,Retail Marijuana Store,Active-Operating,Catalyst Cannabis Company,,,AAMCO,Alaska Alcohol and Marijuana Control Office,Adult-Use,,,AK,,,,,Anchorage,99517,4707 Spenard Rd,Anchorage Municipality,61.1775385,-149.9400775,(907) 339-9333,http://www.catalystcannabisco.com/spenard,,,2023-04-24T18:17:38.234745
32241,2175221,Arctic Cannabis LLC,Retail Marijuana Store,Delegated,Arctic Cannabis LLC,,,AAMCO,Alaska Alcohol and Marijuana Control Office,Adult-Use,,,AK,,,,,Unit A,Barrow,4326 Laura Madison St,North Slope Borough,71.2981849,-156.7651347,,https://www.akgrowncannabis.com/utqiagvik-barrow,,,2023-04-24T18:17:38.234745
32368,2150305,AK Legend's The Dispensary,Retail Marijuana Store,Delegated,AK Legend's The Dispensary,,,AAMCO,Alaska Alcohol and Marijuana Control Office,Adult-Use,,,AK,,,,,Anchorage,99518,8430 Laviento Dr,Anchorage Municipality,61.14399760000001,-149.8783283,(907) 522-5464,http://kingstreetcannabisco.com/,,,2023-04-24T18:17:38.234745
32662,2152646,High Seas,Retail Marijuana Store,Active-Pending Inspection,High Seas,,,AAMCO,Alaska Alcohol and Marijuana Control Office,Adult-Use,,,AK,,,,,Homer,99603,60456 East End Rd,Kenai Peninsula Borough,59.6681603,-151.4473239,,,,,2023-04-24T18:17:38.234745
32759,2153479,Northern Emerald,Retail Marijuana Store,Delegated,Northern Emerald,,,AAMCO,Alaska Alcohol and Marijuana Control Office,Adult-Use,,,AK,,,,,Building #2,Palmer,,,,,,,,,2023-04-24T18:17:38.234745
33305,2157697,Ganja By Sarah,Retail Marijuana Store,Complete,Ganja By Sarah,,,AAMCO,Alaska Alcohol and Marijuana Control Office,Adult-Use,,,AK,,,,,Anchorage,99518,7830 Old Seward Hwy,Anchorage Municipality,61.1495365,-149.8648148,,,,,2023-04-24T18:17:38.234745
33609,2160550,The Culture,Retail Marijuana Store,Active-Pending Inspection,The Culture,,,AAMCO,Alaska Alcohol and Marijuana Control Office,Adult-Use,,,AK,,,,,Wasilla,99654,2301 S Knik Goose Bay Rd,Matanuska-Susitna Borough,61.55676639999999,-149.4852533,(907) 357-4427,http://thecultureak.com/,,,2023-04-24T18:17:38.234745
