business_email,business_legal_name,business_phone,county,data_refreshed_date,license_number
,Royal Leaf NY LLC,,Bronx,2023-08-13T18:32:54.182098,OCM-CAURD-23-000015
don@upstate-canna.co,D-Andrews,(518) 280-4289,Capital Region,2023-08-13T18:32:54.182098,OCM-CAURD-23-000005
mirk@stageonedispensary.com,Stage One Cannabis LLC,518-488-4997,Capital Region,2023-08-13T18:32:54.182098,OCM-CAURD-23-000011
mike@flynnstoned.com,FLYNNSTONED CORPORATION,,Central NY,2023-08-13T18:32:54.182098,OCM-CAURD-23-000010
,Strain Stars LLC,,Long Island,2023-08-13T18:32:54.182098,OCM-CAURD-2023-000022
HighRoadHoldings@gmail.com,Dazed,(954) 350-1300,Manhattan,2023-08-13T18:32:54.182098,OCM-CAURD-23-000008
,"The Doe Store LLC (“Union Square
Travel Agency”)",,Manhattan,2023-08-13T18:32:54.182098,OCM-CAURD-23-000003
"GothamCAURDLLC@gmail.co
m",GOTHAM CAURD LLC,,Manhattan,2023-08-13T18:32:54.182098,OCM-CAURD-23-00009
Budmaster@hwcannabis.co,"Housing Works Cannabis, LLC",,Manhattan,2023-08-13T18:32:54.182098,OCM-CAURD-22-000001
,Smacked,,Manhattan,2023-08-13T18:32:54.182098,OCM-CAURD-23-000002
mj@goodgradesnyc.com,Good Grades LLC,(212) 845-9912,Queens,2023-08-13T18:32:54.182098,OCM-CAURD-23-000007
Public@justbreathelife.org,On Point Cannabis Inc.,,Southern Tier,2023-08-13T18:32:54.182098,OCM-CAURD-23-000004
"whhomeimprovements@gmail.
com",William Durham,(607) 348-4471,Southern Tier,2023-08-13T18:32:54.182098,OCM-CAURD-23-000006
https://sacred-bloom.com/,Exscape Inc.,,Southern Tier,2023-08-13T18:32:54.182098,OCM-CAURD-23-000014
,Dank 716,,Western NY,2023-08-13T18:32:54.182098,OCM-CAURD-2022-000251
,Herbal IQ,,Western NY,2023-08-13T18:32:54.182098,OCM-CAURD-2022-000025
,"Capital District Cannabis &
Wellness Inc.*",,Capital Region,2023-08-13T18:32:54.182098,OCM-CAURD-2022-000011
,Exscape Inc.*,,Southern Tier,2023-08-13T18:32:54.182098,OCM-CAURD-2022-000038
,Polanco Brothers Corp.*,,Manhattan,2023-08-13T18:32:54.182098,OCM-CAURD-2022-000099
Info@niceyield.nyc,"Steven Steals & Co. LLC/Nice
Yield*",(917) 374-3884,Manhattan,2023-08-13T18:32:54.182098,OCM-CAURD-2022-000129
lyftedessentials@gmail.com,"Lyfted Essentials, LLC*",,Long Island,2023-08-13T18:32:54.182098,OCM-CAURD-2022-000133
,Nube NYC LLC*,,Bronx,2023-08-13T18:32:54.182098,OCM-CAURD-2022-000157
Lukecloudinc@gmail.com,"Luke Cloud, Inc.*",(718) 530-4622,Bronx,2023-08-13T18:32:54.182098,OCM-CAURD-2022-000195
,Top Shelf Aficionados Inc.*,,Long Island,2023-08-13T18:32:54.182098,OCM-CAURD-2022-000216
,Thinc Provisions Inc.*,,Capital Region,2023-08-13T18:32:54.182098,OCM-CAURD-2022-000220
Gabbysgreenllc@gmail.com,Gabbys Green LLC*,(631) 896-6748,Queens,2023-08-13T18:32:54.182098,OCM-CAURD-2022-000234
essentialflowers@yahoo.com,Essential Flowers*,(518) 521-9142,Capital Region,2023-08-13T18:32:54.182098,OCM-CAURD-2022-000253
,Air City Cannabis LLC*,,Mohawk Valley,2023-08-13T18:32:54.182098,OCM-CAURD-2022-000260
starkz10@aol.com,Brian Stark Enterprises LLC*,(516) 606-8933,Long Island,2023-08-13T18:32:54.182098,OCM-CAURD-2022-000274
,Pure Blossoms LLC*,,Manhattan,2023-08-13T18:32:54.182098,OCM-CAURD-2022-000279
Achomes1821@icloud.com,Grass Express*,(631) 965-4013,Long Island,2023-08-13T18:32:54.182098,OCM-CAURD-2022-000281
,Strain Stars LLC*,,Long Island,2023-08-13T18:32:54.182098,OCM-CAURD-2022-000326
,T&C Distribution LLC*,,,2023-08-13T18:32:54.182098,OCM-CAURD-2022-000356
halfislandflavors@gmail.com,Half Island Flavors LLC*,NA,Bronx,2023-08-13T18:32:54.182098,OCM-CAURD-2022-000358
h.bonilla1@icloud.com,Diamond Dispensary LLC*,(718) 662-3633,Bronx,2023-08-13T18:32:54.182098,OCM-CAURD-2022-000374
,Brent L Rogers*,,North Country,2023-08-13T18:32:54.182098,OCM-CAURD-2022-000387
hsingh@justaccountingny.com,Roots 13 LLC*,(347) 440-8434,Long Island,2023-08-13T18:32:54.182098,OCM-CAURD-2022-000390
culturehouse001@gmail.com,Culture House*,(347) 362-4184,Manhattan,2023-08-13T18:32:54.182098,OCM-CAURD-2022-000402
ecosesh@gmail.com,Eco Sesh*,,Manhattan,2023-08-13T18:32:54.182098,OCM-CAURD-2022-000409
,"Ten Cees, LLC*",,Capital Region,2023-08-13T18:32:54.182098,OCM-CAURD-2022-000414
,Indoor Treez Corp.*,,Manhattan,2023-08-13T18:32:54.182098,OCM-CAURD-2022-000417
,Growth Industries Inc.*,,Queens,2023-08-13T18:32:54.182098,OCM-CAURD-2022-000460
info@highestpeakny.com,The Highest Peak*,NA,North Country,2023-08-13T18:32:54.182098,OCM-CAURD-2022-000509
,Cal M Anderson III*,,Bronx,2023-08-13T18:32:54.182098,OCM-CAURD-2022-000521
,Royal Leaf NY LLC*,,Bronx,2023-08-13T18:32:54.182098,OCM-CAURD-2022-000548
,Keep It A 100 LLC*,,Long Island,2023-08-13T18:32:54.182098,OCM-CAURD-2022-000558
,"Advanced Institutional Support
Services LLC*",,Central NY,2023-08-13T18:32:54.182098,OCM-CAURD-2022-000563
"WORLDWRESTLINGCOLLEC
TIBLES@GMAIL.COM",CGG ENTERPRISES INC*,(347) 676-7461,Queens,2023-08-13T18:32:54.182098,OCM-CAURD-2022-000565
,Cured NY LLC*,,Mohawk Valley,2023-08-13T18:32:54.182098,OCM-CAURD-2022-000579
NCRPlattsburgh@gmail.com,North County Roots Inc.*,(518) 565-0770,North Country,2023-08-13T18:32:54.182098,OCM-CAURD-2022-000580
,Kush & Kemet LLC*,,Manhattan,2023-08-13T18:32:54.182098,OCM-CAURD-2022-000581
info@urbanweedsny.com,Urban Weeds LLC*,,Queens,2023-08-13T18:32:54.182098,OCM-CAURD-2022-000589
Sohan23@gmail.com,"So Vapes & Accessories/Tricronic
Dispensary*",(718) 704-7753,Queens,2023-08-13T18:32:54.182098,OCM-CAURD-2022-000608
,CWS Holdings I LLC*,,Southern Tier,2023-08-13T18:32:54.182098,OCM-CAURD-2022-000609
Amychen_747@hotmail.com,Eastern Holdings 88*,(646) 639-8000,Richmond,2023-08-13T18:32:54.182098,OCM-CAURD-2022-000610
Nicholaskoury01@gmail.com,Planet 51 LLC*,(332) 208-3185,Manhattan,2023-08-13T18:32:54.182098,OCM-CAURD-2022-000624
Info@stageonedispensary.com,"Stage One Cannabis LLC DBA
Stage One Dispensary*",(518) 488-4997,Capital District,2023-08-13T18:32:54.182098,OCM-CAURD-2022-000634
,Michael D Gant*,,Manhattan,2023-08-13T18:32:54.182098,OCM-CAURD-2022-000682
,Suzanne M Furboter*,,Queens,2023-08-13T18:32:54.182098,OCM-CAURD-2022-000686
"dcondliffe@communityalternati
ves.org","Center For Community Alternatives,
Inc.*",(917) 301-3939,Central NY,2023-08-13T18:32:54.182098,OCM-CAURD-2022-000693
,Anthony Crapanzano*,,Richmond,2023-08-13T18:32:54.182098,OCM-CAURD-2022-000714
Samjny22@gmail.com,Samjny*,(718) 717-6884,Richmond,2023-08-13T18:32:54.182098,OCM-CAURD-2022-000724
kushmartny@gmail.com,Kushmart NY LLC*,(646) 894-4412,Long Island,2023-08-13T18:32:54.182098,OCM-CAURD-2022-000744
Joshc@unionchillcannabis.com,Union Chill Cannabis Company*,(607) 382-7385,Southern Tier,2023-08-13T18:32:54.182098,OCM-CAURD-2022-000771
Nycc2.llc@gmail.com,NYCC 1 LLC*,NA,Long Island,2023-08-13T18:32:54.182098,OCM-CAURD-2022-000785
,CI Wonder Enterprises LLC*,,,2023-08-13T18:32:54.182098,OCM-CAURD-2022-000787
shivawn@justicecannabisco.co,Natural Wonder Cannabis*,(707) 479-1471,Long Island,2023-08-13T18:32:54.182098,OCM-CAURD-2022-000809
,Hydro Phonics LLC*,,,2023-08-13T18:32:54.182098,OCM-CAURD-2022-000834
,Jupitar Café*,,Bronx,2023-08-13T18:32:54.182098,OCM-CAURD-2022-000865
info@the420bliss.com,Humble County LLC*,(917) 346-7021,Capital Region,2023-08-13T18:32:54.182098,OCM-CAURD-2022-000876
,BazzJAT Retail Inc.*,,Queens,2023-08-13T18:32:54.182098,OCM-CAURD-2022-000879
amber.bennett.xo@gmail.com,Budding Industry Group*,(631) 943-0276,Long Island,2023-08-13T18:32:54.182098,OCM-CAURD-2022-000888
,,,,2023-08-13T18:32:54.182098,Provisionally Licensed As of 4/04/23
INFO@CONBUD.COM,"CONBUD, LLC*",(917) 327-2958,Manhattan,2023-08-13T18:32:54.182098,OCM-CAURD-2022-000013
jennifer@jennifertzar.com,"Robin Hood Cannabis, LLC*",,Manhattan,2023-08-13T18:32:54.182098,OCM-CAURD-2022-000023
Korey.rowe@gmail.com,"Dosha Farms, LLC*",1 (607) 437-4333,Mohawk Valley,2023-08-13T18:32:54.182098,OCM-CAURD-2022-000040
"NEWAGEMNGMNT@AOL.CO
M","Happy Days Dispensary, Inc.*",1 (718) 749-2154,Long Island,2023-08-13T18:32:54.182098,OCM-CAURD-2022-000050
ashieka.moore@aol.com,Where’s My Lighter? LLC*,1 (631) 741-2385,Long Island,2023-08-13T18:32:54.182098,OCM-CAURD-2022-000059
Hippiegeo@gmail.com,"East Coast Psychedelics, Inc.*",1 (631) 493-9200,Long Island,2023-08-13T18:32:54.182098,OCM-CAURD-2022-000084
mpagan07@outlook.com,Michael Pagan*,1 (929) 403-7969,Queens,2023-08-13T18:32:54.182098,OCM-CAURD-2022-000093
AlexanderKelch@aol.com,"Alexander Kelch, LLC*",1 (516) 308-4228,Long Island,2023-08-13T18:32:54.182098,OCM-CAURD-2022-000094
"seventhavecleaning@gmail.co
m","The Herbal Care THC, LLC*",1 (212) 470-2678,Manhattan,2023-08-13T18:32:54.182098,OCM-CAURD-2022-000095
john@truegreenglobal.com,"Aprii, LLC*",1 (917) 355-3763,Capital Region,2023-08-13T18:32:54.182098,OCM-CAURD-2022-000114
mreda1717@gmail.com,Heritage Gold & Silver*,1 (631) 875-8620,Long Island,2023-08-13T18:32:54.182098,OCM-CAURD-2022-000120
"Management@alittlebookingag
ency.com","Just a Little Higher, LLC*",1 (561) 617-4856,Queens,2023-08-13T18:32:54.182098,OCM-CAURD-2022-000131
NONAMECANNABISCOMPAN,"No Name Graphics, LLC*",1 (518) 527-1199,Capital Region,2023-08-13T18:32:54.182098,OCM-CAURD-2022-000134
berkaydev@gmail.com,"NC Accident Reports, LLC*",1 (516) 598-7753,Manhattan,2023-08-13T18:32:54.182098,OCM-CAURD-2022-000144
gourmetbudz@gmail.com,"Gourmet Budz, LLC*",1 (347) 401-1905,Long Island,2023-08-13T18:32:54.182098,OCM-CAURD-2022-000146
joespizza32@gmail.com,"Joe’s Pizza and Redemption Center
Inc.*",1 (518) 307-7067,Capital Region,2023-08-13T18:32:54.182098,OCM-CAURD-2022-000172
kushculturenyc@gmail.com,"Kush Culture Industry, LLC*",1 (718) 810-1937,Queens,2023-08-13T18:32:54.182098,OCM-CAURD-2022-000173
dnassiri75@hotmail.com,"Legendary Bliss, LLC*",1 (949) 375-4734,Long Island,2023-08-13T18:32:54.182098,OCM-CAURD-2022-000182
jacknmc@aol.com,"Weeds R Us, Inc.*",1 (917) 682-7576,Manhattan,2023-08-13T18:32:54.182098,OCM-CAURD-2022-000187
espinbenj@gmail.com,"Buds “R” Us, LLC*",1 (718) 902-2168,Queens,2023-08-13T18:32:54.182098,OCM-CAURD-2022-000188
dwhite002@twcny.rr.com,"DLM Retail, LLC*",1 (315) 705-4231,North Country,2023-08-13T18:32:54.182098,OCM-CAURD-2022-000196
joemicciulli@gmail.com,"Brain Bloom, LLC*",1 (516) 662-8319,Long Island,2023-08-13T18:32:54.182098,OCM-CAURD-2022-000202
"kris@adirondackadvantage.co
m","Adirondack Advantage, LLC*",1 (518) 812-1907,North Country,2023-08-13T18:32:54.182098,OCM-CAURD-2022-000210
michael.montas@yahoo.com,"Summit Canna, LLC*",1 (646) 842-7544,Bronx,2023-08-13T18:32:54.182098,OCM-CAURD-2022-000221
jorge@vsllplaw.com,"The Island’s Cannabis Dispensary,
LLC*",1 (212) 752-8408,Long Island,2023-08-13T18:32:54.182098,OCM-CAURD-2022-000225
astokes175@yahoo.com,"Cannabis Culture 1, LLC*",1 (917) 459-1791,Queens,2023-08-13T18:32:54.182098,OCM-CAURD-2022-000229
flowerpowernyc1@gmail.com,Flower Power NYC Corp.*,1 (347) 706-9426,Manhattan,2023-08-13T18:32:54.182098,OCM-CAURD-2022-000241
"eruditoherbals@protonmail.co
m","ERUDITOHERBALS, LLC*",1 (212) 923-0088,Manhattan,2023-08-13T18:32:54.182098,OCM-CAURD-2022-000248
"aaron_van_camp@outlook.co
m",Aaron Van Camp*,1 (716) 430-0447,Western NY,2023-08-13T18:32:54.182098,OCM-CAURD-2022-000251
chaplinzm@yahoo.com,Zaquia Chaplin*,1 (516) 949-9460,Long Island,2023-08-13T18:32:54.182098,OCM-CAURD-2022-000255
eastleafbuffalo@gmail.com,AMSM LLC*,1 (716) 560-6686,Western NY,2023-08-13T18:32:54.182098,OCM-CAURD-2022-000257
docdmt@aol.com,"AQR Development Funding, LLC*",1 (631) 513-9836,Long Island,2023-08-13T18:32:54.182098,OCM-CAURD-2022-000258
adrake913@gmail.com,Adam S. Drake*,1 (516) 637-8431,Long Island,2023-08-13T18:32:54.182098,OCM-CAURD-2022-000261
SoodaksInc@gmail.com,"Soodaks, Inc.*",1 (212) 203-5381,Manhattan,2023-08-13T18:32:54.182098,OCM-CAURD-2022-000266
beeduangtavilay@yahoo.com,"Flower City Shop, LLC*",1 (585) 766-8384,Western NY,2023-08-13T18:32:54.182098,OCM-CAURD-2022-000269
elijahgrey@gmail.com,Holly R. King*,1 (518) 222-5099,Capital Region,2023-08-13T18:32:54.182098,OCM-CAURD-2022-000273
licensing@jamesfrm.com,"Smoking Scholars, LLC*",1 (516) 858-5887,Bronx,2023-08-13T18:32:54.182098,OCM-CAURD-2022-000277
elvin@castlehillbsi.com,ZIL ZAL Inc.*,1 (718) 829-3655,Bronx,2023-08-13T18:32:54.182098,OCM-CAURD-2022-000295
antmarce@aol.com,"Amsterdam Cannabis, Inc.*",1 (518) 774-8764,Mohawk Valley,2023-08-13T18:32:54.182098,OCM-CAURD-2022-000300
ben@cw.legal,"High Path Wellness, LLC*",1 (914) 967-2753,Long Island,2023-08-13T18:32:54.182098,OCM-CAURD-2022-000323
beau@thehiveclubnyc.com,"Mighty Lucky, LLC*",1 (646) 232-5206,Manhattan,2023-08-13T18:32:54.182098,OCM-CAURD-2022-000329
nelsonskickz@gmail.com,"Nelsonkickz, LLC*",1 (518) 807-5350,North Country,2023-08-13T18:32:54.182098,OCM-CAURD-2022-000331
MishaMB@Gmail.com,Evija Artworks Inc.*,1 (718) 514-3516,Brooklyn,2023-08-13T18:32:54.182098,OCM-CAURD-2022-000332
akapoor@kapoorfirm.com,Sherwood R. Adams*,1 (516) 307-8380,Long Island,2023-08-13T18:32:54.182098,OCM-CAURD-2022-000349
johnsrufino@gmail.com,Level Up NYC Corp.*,1 (518) 331-5948,Brooklyn,2023-08-13T18:32:54.182098,OCM-CAURD-2022-000363
organicreliefleaf@gmail.com,"Organic Relief Leaf, LLC*",1 (718) 290-3020,Manhattan,2023-08-13T18:32:54.182098,OCM-CAURD-2022-000377
jaybuddyllc@gmail.com,"Jay Buddy, LLC*",1 (347) 360-5333,Mid-Hudson,2023-08-13T18:32:54.182098,OCM-CAURD-2022-000384
christopher.t.concannon@gmai,"Terrapin Greens 4-7, Inc.*",1 (917) 374-0020,Manhattan,2023-08-13T18:32:54.182098,OCM-CAURD-2022-000393
"bigflavorentertainment@gmail.
com",Bigflavor Entertainment Corp.*,1 (917) 530-4504,Queens,2023-08-13T18:32:54.182098,OCM-CAURD-2022-000398
mottznyc@gmail.com,"Mottz Only Authentic New York
Style, LLC*",1 (516) 591-4112,Long Island,2023-08-13T18:32:54.182098,OCM-CAURD-2022-000400
jielin1417@yahoo.com,CANNADREAMS Inc.*,1 (917) 721-1821,Manhattan,2023-08-13T18:32:54.182098,OCM-CAURD-2022-000407
Zootiesworld@gmail.com,Jonathan Gibbs (dba ZOOTIES)*,1 (631) 281-3582,Long Island,2023-08-13T18:32:54.182098,OCM-CAURD-2022-000411
donresourcesllc@gmail.com,"Don Resources Unlimited, LLC*",1 (646) 345-1388,Manhattan,2023-08-13T18:32:54.182098,OCM-CAURD-2022-000431
Bestsala@icloud.com,Best Sala*,1 (718) 799-2203,Queens,2023-08-13T18:32:54.182098,OCM-CAURD-2022-000433
Carrelfignole25@gmail.com,"Fignolecar, LLC*",1 (917) 569-0847,Queens,2023-08-13T18:32:54.182098,OCM-CAURD-2022-000443
mrgiancarlopinto@gmail.com,"BudBiz, LLC*",1 (646) 210-1027,Queens,2023-08-13T18:32:54.182098,OCM-CAURD-2022-000445
dan@redemptive.nyc,Actualize*,1 (631) 300-7456,Manhattan,2023-08-13T18:32:54.182098,OCM-CAURD-2022-000453
jameskelley146@gmail.com,"Euphoria Dispensary of New York,
LLC*",1 (347) 882-8699,Manhattan,2023-08-13T18:32:54.182098,OCM-CAURD-2022-000454
jjohnson@pryorcashman.com,"Gotham Buds, LLC*",1 (212) 421-4100,Manhattan,2023-08-13T18:32:54.182098,OCM-CAURD-2022-000455
Mogert1234@gmail.com,"NugHub NY, LLC*",1 (917) 751-4154,Richmond,2023-08-13T18:32:54.182098,OCM-CAURD-2022-000464
Blaze420LLC@gmail.com,"Blaze 420, LLC*",1 (845) 461-5905,Mid-Hudson,2023-08-13T18:32:54.182098,OCM-CAURD-2022-000479
,"Bodega Dreams, LLC*",,Queens,2023-08-13T18:32:54.182098,OCM-CAURD-2022-000483
delau46@yahoo.com,"Royal Blend Dispensary, LLC*",1 (914) 330-0154,Mid-Hudson,2023-08-13T18:32:54.182098,OCM-CAURD-2022-000491
asick@mrcannabislaw.com,"Green Jungle, Inc.*",1 (908) 399-5947,Queens,2023-08-13T18:32:54.182098,OCM-CAURD-2022-000504
simojb66@gmail.com,Joseph B. Simons*,1 (617) 292-6260,Central NY,2023-08-13T18:32:54.182098,OCM-CAURD-2022-000514
enoboa8121@hotmail.com,"Buddega NYC, LLC*",1 (914) 619-1155,Mid-Hudson,2023-08-13T18:32:54.182098,OCM-CAURD-2022-000516
retailunitedalliance@gmail.com,"Retail United Alliance, LLC*",1 (518) 901-9201,Mid-Hudson,2023-08-13T18:32:54.182098,OCM-CAURD-2022-000517
rodney.carter@live.com,"Boxing Express, LLC*",1 (646) 221-8815,Queens,2023-08-13T18:32:54.182098,OCM-CAURD-2022-000541
lakishaisaac@gmail.com,"The Gold Source, Inc.*",1 (516) 369-7415,Long Island,2023-08-13T18:32:54.182098,OCM-CAURD-2022-000544
licensing@jamesfrm.com,APF Syndicate Corporation*,1 (516) 858-5887,Manhattan,2023-08-13T18:32:54.182098,OCM-CAURD-2022-000546
Anand.a811@gmail.com,Neo Wellness LLC*,1 (516) 665-5105,Long Island,2023-08-13T18:32:54.182098,OCM-CAURD-2022-000550
joew@straightlineat.com,Premier Earth Corp.*,1 (716) 908-4922,Western NY,2023-08-13T18:32:54.182098,OCM-CAURD-2022-000551
townsend11212@gmail.com,"North Country Cannabis, LLC*",1 (518) 572-6800,North Country,2023-08-13T18:32:54.182098,OCM-CAURD-2022-000557
ben@allsafeli.com,"All Safe Electric & Security, LLC*",1 (631) 872-7308,Long Island,2023-08-13T18:32:54.182098,OCM-CAURD-2022-000559
hectorecheverri75@gmail.com,Clemencia E Meza*,1 (347) 607-4873,Queens,2023-08-13T18:32:54.182098,OCM-CAURD-2022-000561
dralbi26@gmail.com,"AFLI, LLC*",1 (516) 804-0674,Long Island,2023-08-13T18:32:54.182098,OCM-CAURD-2022-000597
johntaeha@gmail.com,"Green Empire Wellness, LLC*",1 (917) 514-9116,Richmond,2023-08-13T18:32:54.182098,OCM-CAURD-2022-000612
kintechvac@gmail.com,"Kintech Heating and Cooling, Inc.*",1 (631) 496-6646,Long Island,2023-08-13T18:32:54.182098,OCM-CAURD-2022-000639
inquiries@freshlybaked.nyc,Freshly Baked NYC,1 (415) 691-7696,Bronx,2023-08-13T18:32:54.182098,OCM-CAURD-2022-000652
nynewmetro@gmail.com,Sean Kang*,1 (917) 880-4150,Queens,2023-08-13T18:32:54.182098,OCM-CAURD-2022-000657
miguelbernardphp@gmail.com,"BlazinUp, LLC*",1 (917) 523-0246,Manhattan,2023-08-13T18:32:54.182098,OCM-CAURD-2022-000666
SmellyNellyLLC@gmail.com,"Smelly Nelly, LLC*",1 (917) 691-3349,Manhattan,2023-08-13T18:32:54.182098,OCM-CAURD-2022-000667
holybudsny@gmail.com,Holy Buds Inc.*,1 (631) 358-4722,Long Island,2023-08-13T18:32:54.182098,OCM-CAURD-2022-000671
net@cbdpros.com,"Big Dipper NY, LLC*",1 (415) 240-9024,Richmond,2023-08-13T18:32:54.182098,OCM-CAURD-2022-000674
gahrey.o@gmail.com,"WAO Industries, LLC*",1 (631) 241-7696,Long Island,2023-08-13T18:32:54.182098,OCM-CAURD-2022-000688
asick@mrcannabislaw.com,"Green Sun, Inc.*",1 (908) 399-5947,Bronx,2023-08-13T18:32:54.182098,OCM-CAURD-2022-000694
tankmorfaw@gmail.com,"Common Courtesy Dispensary,
LLC*",1 (646) 696-8875,Bronx,2023-08-13T18:32:54.182098,OCM-CAURD-2022-000699
Randyalbert420@gmail.com,"420 NY, LLC*",1 (718) 902-3767,Bronx,2023-08-13T18:32:54.182098,OCM-CAURD-2022-000703
info@boomfactoryny.com,"Boom Factory, LLC*",1 (516) 272-1512,Queens,2023-08-13T18:32:54.182098,OCM-CAURD-2022-000733
cjfueloil@yahoo.com,CJ FUEL OIL INC.*,1 (631) 766-1875,Long Island,2023-08-13T18:32:54.182098,OCM-CAURD-2022-000749
christine@highpeakseventpro.c,High Peaks Canna Inc.*,1 (518) 222-3202,Capital Region,2023-08-13T18:32:54.182098,OCM-CAURD-2022-000760
rch@hertmanlaw.com,"Green Health, LLC*",1 (845) 551-5329,Manhattan,2023-08-13T18:32:54.182098,OCM-CAURD-2022-000813
markshifrin22@gmail.com,"Dank Heaven, LLC*",1 (718) 419-2976,Brooklyn,2023-08-13T18:32:54.182098,OCM-CAURD-2022-000819
mannna911@gmail.com,Emmanuel E. De Jesus*,1 (347) 759-8602,Bronx,2023-08-13T18:32:54.182098,OCM-CAURD-2022-000824
licensing@jamesfrm.com,"Proper Prints, LLC*",1 (516) 858-5887,Queens,2023-08-13T18:32:54.182098,OCM-CAURD-2022-000838
david87h@gmail.com,David Hooper Jr.*,1 (347) 258-7624,Queens,2023-08-13T18:32:54.182098,OCM-CAURD-2022-000842
heraldbaines@gmail.com,"New York Tetrahydrocannabinol
Company LLC*",1 (646) 599-7254,Manhattan,2023-08-13T18:32:54.182098,OCM-CAURD-2022-000852
Cannabisemporium22@gmail.c,Cannabis Emporium Corp.*,1 (917) 528-1173,Bronx,2023-08-13T18:32:54.182098,OCM-CAURD-2022-000897
,,,,2023-08-13T18:32:54.182098,Provisionally Licensed As of 05/11/2023
johnguercia59@gmail.com,"1106 Rebecca St. Limited Liability
Company*",1 (412) 390-4790,Long Island,2023-08-13T18:32:54.182098,OCM-CAURD-2022-000029
tjscannabisco@gmail.com,TJ's Cannabis Co.*,1 (315) 920-8191,Central NY,2023-08-13T18:32:54.182098,OCM-CAURD-2022-000030
sophiamortell@gmail.com,"SMMB, Inc*",1 (914) 406-3051,Mid-Hudson,2023-08-13T18:32:54.182098,OCM-CAURD-2022-000034
eduardo3284@yahoo.com,AFI & Associates Group LLC*,1 (845) 701-6203,Mid-Hudson,2023-08-13T18:32:54.182098,OCM-CAURD-2022-000039
bnieka@yahoo.com,Ayleet Productions LLC*,1 (718) 755-4713,Brooklyn,2023-08-13T18:32:54.182098,OCM-CAURD-2022-000062
RSFNYS@gmail.com,"NEW YORK'S FINEST LUXURY
CAR AND LIMOUSINE SERVICE
LLC*",1 (347) 514-3767,Western NY,2023-08-13T18:32:54.182098,OCM-CAURD-2022-000073
jim@hannabisnyc.com,"Hannabis, Inc. *",1 (631) 806-9867,Brooklyn,2023-08-13T18:32:54.182098,OCM-CAURD-2022-000077
Omarnisimov@gmail.com,Fix my phone*,1 (646) 417-4623,Brooklyn,2023-08-13T18:32:54.182098,OCM-CAURD-2022-000092
"lmonforte@olearylawoffices.co
m",Loudpack Exotics LLC*,1 (315) 882-4523,Central NY,2023-08-13T18:32:54.182098,OCM-CAURD-2022-000106
licensing@jamesfrm.com,Poughkeepsie Shops LLC*,1 (516) 858-5887,Mid-Hudson,2023-08-13T18:32:54.182098,OCM-CAURD-2022-000143
syracusehalalgyro@gmail.com,Syracuse Halal Guys Inc*,1 (718) 795-3899,Central NY,2023-08-13T18:32:54.182098,OCM-CAURD-2022-000169
ekleydman@gmail.com,RMAN Holdings LLC*,1 (347) 224-9900,Brooklyn,2023-08-13T18:32:54.182098,OCM-CAURD-2022-000176
CoronadoCorp@yahoo.com,Coronado LLC*,1 (716) 392-0589,Western NY,2023-08-13T18:32:54.182098,OCM-CAURD-2022-000192
Hassan.holder@yahoo.com,Hassan Holder*,1 (347) 741-5661,Brooklyn,2023-08-13T18:32:54.182098,OCM-CAURD-2022-000226
rlara982@gmail.com,Gaia Earth LLC*,1 (347) 280-1370,Brooklyn,2023-08-13T18:32:54.182098,OCM-CAURD-2022-000231
rsklawjz@frontiernet.net,BHOLECBD INC*,1 (845) 343-5111,Mid-Hudson,2023-08-13T18:32:54.182098,OCM-CAURD-2022-000235
joelalvarez718@gmail.com,Joel M Alvarez I*,1 (646) 371-2167,Brooklyn,2023-08-13T18:32:54.182098,OCM-CAURD-2022-000244
kettlecorn114@gmail.com,"Westchester Harvesting Company
LLC*",1 (914) 661-1790,Mid-Hudson,2023-08-13T18:32:54.182098,OCM-CAURD-2022-000247
"ChristinaDeGiovanni@gmail.co
m",TEDG LLC*,1 (512) 797-9660,Brooklyn,2023-08-13T18:32:54.182098,OCM-CAURD-2022-000307
jjeanneret1@gmail.com,Raven Dispensaries LLC*,1 (617) 401-6998,Central NY,2023-08-13T18:32:54.182098,OCM-CAURD-2022-000338
Zymia24@gmail.com,BIG GAS DISPENSARY LLC*,1 (347) 723-1304,Mid-Hudson,2023-08-13T18:32:54.182098,OCM-CAURD-2022-000348
"thenextchapternyllc@gmail.co
m",The Next Chapter NY LLC*,1 (914) 329-0531,Mid-Hudson,2023-08-13T18:32:54.182098,OCM-CAURD-2022-000355
jim@mcgirrs.com,Devil's Lettuce LLC*,1 (585) 576-4467,Western NY,2023-08-13T18:32:54.182098,OCM-CAURD-2022-000364
versatilegold@live.com,"ERIETREEHOUSE
CORPORATION*",1 (315) 652-9560,Western NY,2023-08-13T18:32:54.182098,OCM-CAURD-2022-000380
sara.gullickson@gmail.com,SLG-DB LLC*,1 (612) 965-4980,Manhattan,2023-08-13T18:32:54.182098,OCM-CAURD-2022-000388
robertdegen@icloud.com,GM Smoke Shop Inc. *,1 (917) 324-2979,Brooklyn,2023-08-13T18:32:54.182098,OCM-CAURD-2022-000399
ben@cw.legal,Leafy Wonders LLC*,1 (914) 967-2753,Central NY,2023-08-13T18:32:54.182098,OCM-CAURD-2022-000428
Jnrautogroup@gmail.com,Jnr auto group inc*,1 (914) 230-3246,Mid-Hudson,2023-08-13T18:32:54.182098,OCM-CAURD-2022-000447
b2p@sbcglobal.net,Justice Involved NY INC. *,1 (707) 980-0456,Brooklyn,2023-08-13T18:32:54.182098,OCM-CAURD-2022-000463
joe@thehighercompanyllc.com,The Higher Company LLC*,1 (315) 520-8623,Central NY,2023-08-13T18:32:54.182098,OCM-CAURD-2022-000482
yagafacey@gmail.com,PETE'S 2 CONSTRUCTION INC*,1 (917) 635-7020,Brooklyn,2023-08-13T18:32:54.182098,OCM-CAURD-2022-000507
buddhachief.thebrand@gmail.c,L.O.R.D.S. LLC*,1 (718) 344-9671,Manhattan,2023-08-13T18:32:54.182098,OCM-CAURD-2022-000512
smith@whafh.com,JGSCanna*,1 (914) 523-9623,Mid-Hudson,2023-08-13T18:32:54.182098,OCM-CAURD-2022-000527
georgevlamis@icloud.com,QUBE USA LLC*,1 (845) 417-1781,Manhattan,2023-08-13T18:32:54.182098,OCM-CAURD-2022-000539
rickchoi84@gmail.com,Canary Cannabis Co LLC*,1 (714) 390-0840,Western NY,2023-08-13T18:32:54.182098,OCM-CAURD-2022-000545
mongepenny@yahoo.com,Quality Roots LLC*,1 (347) 236-1146,Brooklyn,2023-08-13T18:32:54.182098,OCM-CAURD-2022-000556
NYCSourApple@gmail.com,NYCSOURAPPLE LLC*,1 (914) 346-7337,Mid-Hudson,2023-08-13T18:32:54.182098,OCM-CAURD-2022-000571
licensing@jamesfrm.com,BK Exotic Outlet LLC*,1 (516) 858-5887,Brooklyn,2023-08-13T18:32:54.182098,OCM-CAURD-2022-000611
matt@cantina62.com,EK Green LLC*,1 (716) 374-0141,Western NY,2023-08-13T18:32:54.182098,OCM-CAURD-2022-000628
lnkang04@aol.com,Dank Street LLC*,1 (603) 818-1530,Central NY,2023-08-13T18:32:54.182098,OCM-CAURD-2022-000683
nick@osteriabuffalo.com,OCC WNY Ventures*,1 (716) 864-6745,Western NY,2023-08-13T18:32:54.182098,OCM-CAURD-2022-000721
peter.solidhomes@gmail.com,Peter Beznos I*,1 (917) 853-1760,Brooklyn,2023-08-13T18:32:54.182098,OCM-CAURD-2022-000739
Terrencemumford@yahoo.com,Exotic Herbals LLC*,1 (951) 293-8452,Brooklyn,2023-08-13T18:32:54.182098,OCM-CAURD-2022-000765
YMRMDISPENSARY@GMAIL.,YMRM Dispensary*,1 (212) 777-9777,Brooklyn,2023-08-13T18:32:54.182098,OCM-CAURD-2022-000768
nickelcitygreen@gmail.com,"Nickel City Green, LLC*",1 (716) 352-5654,Western NY,2023-08-13T18:32:54.182098,OCM-CAURD-2022-000831
neilashmeade@gmail.com,Nucleus Dispensary Inc. *,1 (914) 803-7929,Mid-Hudson,2023-08-13T18:32:54.182098,OCM-CAURD-2022-000848
josegonzelz@gmail.com,"Empire State Gallery Holdings, LLC*",1 (347) 438-7148,Western NY,2023-08-13T18:32:54.182098,OCM-CAURD-2022-000894
nnamdifranks@gmail.com,Medic Grade LLC*,1 (347) 265-3558,Long Island,2023-08-13T18:32:54.182098,OCM-CAURD-2022-000896
,,,,2023-08-13T18:32:54.182098,Provisionally Licensed As of 6/15/2023
maila.lowery1113@me.com,MJ Dispensary*,1 (585) 730-0453,Finger Lakes,2023-08-13T18:32:54.182098,OCMCAURD-2022-000012
chrisledlum286@gmail.com,Grow Together LLC*,1 (929) 284-8802,Brooklyn,2023-08-13T18:32:54.182098,OCMCAURD-2022-000075
dfernando2112@gmail.com,Dennis J Fernando JR*,1 (845) 837-9066,Mid-Hudson,2023-08-13T18:32:54.182098,OCMCAURD-2022-000124
mrfrankbarone@gmail.com,Barone Partners LLC*,1 (323) 229-2828,Mid-Hudson,2023-08-13T18:32:54.182098,OCMCAURD-2022-000140
Wildbill7932@gmail.com,William J Wheeler*,1 (542) 954-2217,Finger Lakes,2023-08-13T18:32:54.182098,OCMCAURD-2022-000155
Hiramjr@firstcapitalbiz.com,Mach Enterprises LLC*,1 (585) 698-9794,Finger Lakes,2023-08-13T18:32:54.182098,OCMCAURD-2022-000194
Toddholloway407@gmail.com,Dagga LLC*,1 (518) 221-5392,Manhattan,2023-08-13T18:32:54.182098,OCMCAURD-2022-000222
james.dewolfe@verizon.net,James J DeWolfe*,1 (718) 288-7689,Brooklyn,2023-08-13T18:32:54.182098,OCMCAURD-2022-000249
stephen@allsportsinternational.,Valley Greens LTD*,1 (914) 413-9794,Mid-Hudson,2023-08-13T18:32:54.182098,OCMCAURD-2022-000280
rodney@resultsmarketingcaree,Rodney Haymes*,1 (315) 256-5318,Central NY,2023-08-13T18:32:54.182098,OCMCAURD-2022-000284
vaughnmayers@gmail.com,Fireleaf LLC*,1 (347) 245-1119,Brooklyn,2023-08-13T18:32:54.182098,OCMCAURD-2022-000303
Scott.general@yahoo.com,Scott M General*,1 (585) 303-5704,Finger Lakes,2023-08-13T18:32:54.182098,OCMCAURD-2022-000366
Covenanturbanventures@gmai,Orange County Cannabis LLC*,1 (845) 239-4842,Mid-Hudson,2023-08-13T18:32:54.182098,OCMCAURD-2022-000369
tyronne.bourne@gmail.com,"Bourne Const & Prog Management*
LLC",1 (347) 225-1866,Brooklyn,2023-08-13T18:32:54.182098,OCMCAURD-2022-000373
alex.pia@gmail.com,EFTC Holding LLC*,1 (845) 537-0811,Mid-Hudson,2023-08-13T18:32:54.182098,OCMCAURD-2022-000394
professordutcher@gmail.com,Major's Emporium Holdings LLC*,1 (845) 532-8438,Mid-Hudson,2023-08-13T18:32:54.182098,OCMCAURD-2022-000408
roger@mellotymes.com,Mello Tymes LLC*,1 (917) 809-0420,Bronx,2023-08-13T18:32:54.182098,OCMCAURD-2022-000477
jwebski@sweetspotfarms.com,Excelsior Dispensary LLC*,1 (203) 667-7787,Mid-Hudson,2023-08-13T18:32:54.182098,OCMCAURD-2022-000478
tooheytim@gmail.com,Jaylin M Smith*,1 (716) 913-5293,Western NY,2023-08-13T18:32:54.182098,OCMCAURD-2022-000481
jwebski@sweetspotfarms.com,New York Dispensary LLC*,1 (203) 667-7787,Western NY,2023-08-13T18:32:54.182098,OCMCAURD-2022-000487
Jonathan.e.lopez827@gmail.co,Vibe Natural LLC*,1 (845) 764-0214,Mid-Hudson,2023-08-13T18:32:54.182098,OCMCAURD-2022-000566
erika@schuplaw.com,"High Points of the Finger Lakes
LLC*",1 (585) 394-0570,Finger Lakes,2023-08-13T18:32:54.182098,OCMCAURD-2022-000567
andreyesq@gmail.com,Tiki Leaves LLC*,1 (646) 644-4414,Brooklyn,2023-08-13T18:32:54.182098,OCMCAURD-2022-000574
jumpshot131@gmail.com,4 Jays LLC*,1 (917) 943-2325,Mid-Hudson,2023-08-13T18:32:54.182098,OCMCAURD-2022-000588
KevinMwindham@gmail.com,Conceptual Holdings LLC*,1 (424) 333-1378,Brooklyn,2023-08-13T18:32:54.182098,OCMCAURD-2022-000600
leafyproctor@gmail.com,Leafy Green INC*,1 (929) 255-2401,Queens,2023-08-13T18:32:54.182098,OCMCAURD-2022-000613
doug@goftx.com,Faddy's LLC*,1 (845) 807-7006,Mid-Hudson,2023-08-13T18:32:54.182098,OCMCAURD-2022-000679
trentlives@gmail.com,Canna Life LLC*,1 (617) 304-5246,Finger Lakes,2023-08-13T18:32:54.182098,OCMCAURD-2022-000690
"melindanycannabis@gmail.co
m",Gotham Cannabis Corp. *,1 (570) 419-5344,Central NY,2023-08-13T18:32:54.182098,OCMCAURD-2022-000715
Northfieldconsultingllc@gmail.c,Northfield Consulting LLC*,1 (585) 303-4373,Finger Lakes,2023-08-13T18:32:54.182098,OCMCAURD-2022-000754
APAdispensary@gmail.com,APA Dispensary*,1 (718) 509-5114,Manhattan,2023-08-13T18:32:54.182098,OCMCAURD-2022-000772
cwatkins@societygroup.co,Dres Pot Shop LLC*,1 (212) 365-0380,Brooklyn,2023-08-13T18:32:54.182098,OCMCAURD-2022-000826
"BONITAMONEY@YAHOO.CO
M",URBAN CLOUDS LLC*,1 (808) 356-9716,Queens,2023-08-13T18:32:54.182098,OCMCAURD-2022-000829
"SAMUELH1113@HOTMAIL.C
OM",SAMUEL HERNANDEZ*,1 (718) 795-6974,Bronx,2023-08-13T18:32:54.182098,OCMCAURD-2022-000860
rgallimore103@gmail.com,"All NYC Wireless, LLC*",1 (678) 769-0202,Queens,2023-08-13T18:32:54.182098,OCMCAURD-2022-000867
danielboland1962@gmail.com,DOMINICA62 RETAIL LICENSE*,1 (929) 276-8266,Queens,2023-08-13T18:32:54.182098,OCMCAURD-2022-000892
,,,,2023-08-13T18:32:54.182098,Provisionally Licensed As of 7/19/2023
shannonsmith_ss@yahoo.com,"GreenLakesDispo, LLC*",1 (585) 230-9112,Finger Lakes,2023-08-13T18:32:54.182098,OCMCAURD-2022-000001
trbishopesq@gmail.com,"Vladimir Bautista, LLC*",1 (480) 310-1005,Manhattan,2023-08-13T18:32:54.182098,OCMCAURD-2022-000003
ramon@happymunkey.com,Ramon Reyes LLC*,1 (347) 863-5864,Brooklyn,2023-08-13T18:32:54.182098,OCMCAURD-2022-000006
"Esperanza.Segarra@gmail.co
m",Nuna Harvest LLC*,1 (305) 794-0816,Mid-Hudson,2023-08-13T18:32:54.182098,OCMCAURD-2022-000007
carl.tirella@gmail.com,Capri Holdings 2 LLC*,1 (914) 715-0364,Mid-Hudson,2023-08-13T18:32:54.182098,OCMCAURD-2022-000008
david@musumeci.org,David Carl Musumeci*,1 (315) 576-8389,Central NY,2023-08-13T18:32:54.182098,OCMCAURD-2022-000010
"ADRIAN_FERNANDEZZ@ICL
OUD.COM","GOOD VIBES NY, INC. *",1 (212) 470-6564,Bronx,2023-08-13T18:32:54.182098,OCMCAURD-2022-000014
leonardanthonybk@gmail.com,Kush & Kicks Dispensary LLC*,1 (347) 288-0930,Brooklyn,2023-08-13T18:32:54.182098,OCMCAURD-2022-000019
brooklynorganicbuds@gmail.co,Brooklyn Organic Buds LLC*,1 (631) 506-5733,Brooklyn,2023-08-13T18:32:54.182098,OCMCAURD-2022-000022
simplygreenny@gmail.com,"Simply Green Natural Lifestyle
Remedies LLC*",1 (516) 413-1122,Long Island,2023-08-13T18:32:54.182098,OCMCAURD-2022-000024
browniesbrnd@gmail.com,Brownies Dispensary LLC*,1 (518) 961-5478,Capital Region,2023-08-13T18:32:54.182098,OCMCAURD-2022-000028
maxim@mary.solutions,Juniper NY LLC*,1 (718) 866-7345,Manhattan,2023-08-13T18:32:54.182098,OCMCAURD-2022-000031
dehran@devilsharvestny.com,"DLD DH, Inc*",1 (917) 567-8139,Brooklyn,2023-08-13T18:32:54.182098,OCMCAURD-2022-000033
716Cannabisllc@gmail.com,716 Cannabis*,1 (716) 997-2752,Western NY,2023-08-13T18:32:54.182098,OCMCAURD-2022-000036
Stan.Michaels@att.net,Leafy NYC Corp. *,1 (516) 777-0107,Manhattan,2023-08-13T18:32:54.182098,OCMCAURD-2022-000041
CMcBain@GetFlos.com,NY Flos LLC*,1 (914) 830-9945,Mid-Hudson,2023-08-13T18:32:54.182098,OCMCAURD-2022-000043
xjaillet@clarkhill.com,"Green Nexus Dispensary, Inc. *",1 (303) 501-5918,Manhattan,2023-08-13T18:32:54.182098,OCMCAURD-2022-000046
shane@myelectrician518.com,"MyElectrician518.com, LLC*",1 (518) 376-5914,Capital Region,2023-08-13T18:32:54.182098,OCMCAURD-2022-000048
fbocci68@gmail.com,"Unbothered Bud, LLC*",1 (516) 241-6967,Mid-Hudson,2023-08-13T18:32:54.182098,OCMCAURD-2022-000055
BRYANROCCHIO@AOL.COM,Rocchio Realty Inc*,1 (718) 866-5739,Brooklyn,2023-08-13T18:32:54.182098,OCMCAURD-2022-000067
ben@thehighrise.co,High Rise Brands LLC*,1 (917) 583-5867,Long Island,2023-08-13T18:32:54.182098,OCMCAURD-2022-000068
denisgmurphy@hotmail.com,Denis Murphy*,1 (631) 521-1105,Long Island,2023-08-13T18:32:54.182098,OCMCAURD-2022-000071
torocontact@gmail.com,3 - 5 HOLDINGS LLC*,1 (607) 275-7806,Southern Tier,2023-08-13T18:32:54.182098,OCMCAURD-2022-000072
Bigartsiny@gmail.com,CBD 420 LLC*,1 (718) 500-5339,Richmond,2023-08-13T18:32:54.182098,OCMCAURD-2022-000076
rubenrangini@yahoo.com,Nysnoozed limited liability company*,1 (347) 223-7446,Queens,2023-08-13T18:32:54.182098,OCMCAURD-2022-000079
geoff@cannabuff.com,Brownies LLC*,1 (585) 506-6181,Western NY,2023-08-13T18:32:54.182098,OCMCAURD-2022-000086
ronaldshen@aol.com,R&R Remedies LLC*,1 (646) 533-5355,Brooklyn,2023-08-13T18:32:54.182098,OCMCAURD-2022-000089
erbquest@gmail.com,TAOZEN LLC*,1 (917) 819-9304,Brooklyn,2023-08-13T18:32:54.182098,OCMCAURD-2022-000090
GINOFINANCE@GMAIL.COM,GG Collective LLC*,1 (516) 557-1874,Queens,2023-08-13T18:32:54.182098,OCMCAURD-2022-000107
dtree249@icloud.com,DAD DISTRIBUTORS LLC*,1 (347) 979-5084,Richmond,2023-08-13T18:32:54.182098,OCMCAURD-2022-000110
vpezz88@gmail.com,ALKALIFE LLC*,1 (808) 590-9487,Queens,2023-08-13T18:32:54.182098,OCMCAURD-2022-000111
robbiesproduce@yahoo.com,Robert L. Grannis*,1 (607) 624-0477,Southern Tier,2023-08-13T18:32:54.182098,OCMCAURD-2022-000112
cutmastertrini@yahoo.com,David L Sutherland*,1 (347) 982-3064,Richmond,2023-08-13T18:32:54.182098,OCMCAURD-2022-000117
wyzeguys98@gmail.com,Wyzeguyz LLC*,1 (267) 441-2923,Brooklyn,2023-08-13T18:32:54.182098,OCMCAURD-2022-000118
jl@larcmgmt.com,L.A.R.C. MANAGEMENT LLC*,1 (631) 807-6378,Long Island,2023-08-13T18:32:54.182098,OCMCAURD-2022-000122
andresavocchi@gmail.com,Savo Group Inc*,1 (718) 541-9810,Queens,2023-08-13T18:32:54.182098,OCMCAURD-2022-000125
emilyhannahbear@gmail.com,"McPhee's Smoke Shop & More
LLC*",1 (518) 742-9951,Capital Region,2023-08-13T18:32:54.182098,OCMCAURD-2022-000126
mark@thewagonerfirm.com,NIYAWILL LLC*,1 (518) 400-0955,Mohawk Valley,2023-08-13T18:32:54.182098,OCMCAURD-2022-000127
jerry@thecableguysinc.com,The Cable Guys Inc. *,1 (718) 605-6929,Richmond,2023-08-13T18:32:54.182098,OCMCAURD-2022-000130
mataleeannla@yahoo.com,"Weed Growers From Seed To Stone
LLC*",1 (718) 210-8779,Brooklyn,2023-08-13T18:32:54.182098,OCMCAURD-2022-000132
kotlyar11235@gmail.com,LEPIS CANNABIS LLC*,1 (212) 729-7574,Brooklyn,2023-08-13T18:32:54.182098,OCMCAURD-2022-000136
michelecole@optonline.net,KGDM ENTERPRISE LLC*,1 (516) 851-2611,Long Island,2023-08-13T18:32:54.182098,OCMCAURD-2022-000137
licensing@jamesfrm.com,"MedaBlue, LLC*",1 (516) 858-5887,Manhattan,2023-08-13T18:32:54.182098,OCMCAURD-2022-000138
gquigua@gmail.com,All Wellness Inc*,1 (929) 478-9414,Manhattan,2023-08-13T18:32:54.182098,OCMCAURD-2022-000139
SparkboroInc@gmail.com,Sparkboro Inc*,1 (845) 222-9151,Manhattan,2023-08-13T18:32:54.182098,OCMCAURD-2022-000141
tedhillpestcontrol@gmail.com,Troy A Benson*,1 (845) 654-0101,Mid-Hudson,2023-08-13T18:32:54.182098,OCMCAURD-2022-000147
charles.tavarez@gmail.com,NYS CANNABIS PARTNERS INC. *,1( 347)804-2552,Brooklyn,2023-08-13T18:32:54.182098,OCMCAURD-2022-000148
daphneborowski@gmail.com,Rodge Archer*,1 (646) 554-0438,Bronx,2023-08-13T18:32:54.182098,OCMCAURD-2022-000151
cameronpierre5@gmail.com,MADWIZ LLC*,1 (718) 924-7081,Brooklyn,2023-08-13T18:32:54.182098,OCMCAURD-2022-000152
joetigano1st@outlook.com,"ARE WE GOOD ENTERPRISES
INC. *",1 (631) 522-5036,Brooklyn,2023-08-13T18:32:54.182098,OCMCAURD-2022-000156
"ja@a1entertainmentevents.co
m",John A White*,1 (516) 314-0044,Brooklyn,2023-08-13T18:32:54.182098,OCMCAURD-2022-000159
robanz038@gmail.com,A Little Place to Relax LLC*,1 (518) 331-4774,Manhattan,2023-08-13T18:32:54.182098,OCMCAURD-2022-000160
leo@shalit-law.com,bzd enterprises llc*,1 (646) 957-0009,Brooklyn,2023-08-13T18:32:54.182098,OCMCAURD-2022-000163
tradesmansean@gmail.com,Sean of all trades LLC*,1 (516) 416-9775,Capital Region,2023-08-13T18:32:54.182098,OCMCAURD-2022-000166
chrisli1217@gmail.com,TRADER LI CAPITAL LLC*,1 (929) 373-6283,Queens,2023-08-13T18:32:54.182098,OCMCAURD-2022-000167
jillian@astroincnyc.com,"Astro Management, Inc. *",1 (917) 701-3114,Brooklyn,2023-08-13T18:32:54.182098,OCMCAURD-2022-000168
Skurland340@gmail.com,Green Culture LLC*,1 (917) 294-8552,Long Island,2023-08-13T18:32:54.182098,OCMCAURD-2022-000177
wes.care@mail.com,WesCare Transportation LLC*,1 (716) 479-0210,Western NY,2023-08-13T18:32:54.182098,OCMCAURD-2022-000179
Heatmakersny@gmail.com,Elise Pelka*,1 (914) 471-7704,Queens,2023-08-13T18:32:54.182098,OCMCAURD-2022-000180
j.elliott@dlxagncy.com,Empire Flower Inc. *,1 (845) 233-0990,Brooklyn,2023-08-13T18:32:54.182098,OCMCAURD-2022-000186
dangolden38@outlook.com,Daniel S Dennis*,1 (315) 224-7095,Finger Lakes,2023-08-13T18:32:54.182098,OCMCAURD-2022-000190
beastcoastgroup@gmail.com,BEAST COAST GROUP LLC*,1 (516) 444-0947,Queens,2023-08-13T18:32:54.182098,OCMCAURD-2022-000193
info@inainvestigations.com,"Ifill & Associates, LLC*",1 (917) 385-1876,Brooklyn,2023-08-13T18:32:54.182098,OCMCAURD-2022-000198
CEO@exciteunlimited.com,EXCITE UNLIMITED LLC*,1 (646) 532-7800,Manhattan,2023-08-13T18:32:54.182098,OCMCAURD-2022-000199
candice@brook-islandfuel.com,Candice LoPizzo*,1 (917) 292-0233,Manhattan,2023-08-13T18:32:54.182098,OCMCAURD-2022-000204
gab@gbnylaw.com,NODAYSOFF CANNABIS*,1 (631) 743-9900,Long Island,2023-08-13T18:32:54.182098,OCMCAURD-2022-000213
"mireille@athenianroyaltygroup.
com",Athenian Royalty Group LLC*,1 (347) 736-3918,Queens,2023-08-13T18:32:54.182098,OCMCAURD-2022-000218
wei@mrtalaw.com,"WhiteboxTHC, LLC*",1 (646) 263-7890,Manhattan,2023-08-13T18:32:54.182098,OCMCAURD-2022-000224
rmrojan@aol.com,K&T Express Inc*,1 (347) 343-0050,Long Island,2023-08-13T18:32:54.182098,OCMCAURD-2022-000228
crchristyr9@gmail.com,7 Point Dispensary INC. *,1 (518) 965-1554,Capital Region,2023-08-13T18:32:54.182098,OCMCAURD-2022-000232
vinnyestate@gmail.com,Vincent Chan*,1 (646) 752-2787,Manhattan,2023-08-13T18:32:54.182098,OCMCAURD-2022-000233
jrobinson54@optimum.net,"Concrete Construction Consulting
LLC*",1 (631) 298-4474,Long Island,2023-08-13T18:32:54.182098,OCMCAURD-2022-000242
coastalgreencorp@gmail.com,Coastal Green LLC*,1 (631) 294-1063,Long Island,2023-08-13T18:32:54.182098,OCMCAURD-2022-000250
MindAndBodyCanna@gmail.co,J & H Canna Industries Inc*,1 (631) 484-8350,Long Island,2023-08-13T18:32:54.182098,OCMCAURD-2022-000252
mleonardo@hinmanstraub.com,"Robinson’s Cannabis Flowers, LLC.
*",1 (518) 436-0751,Capital Region,2023-08-13T18:32:54.182098,OCMCAURD-2022-000263
eglickman@msn.com,EGRH LLC. *,1 (561) 358-8058,Capital Region,2023-08-13T18:32:54.182098,OCMCAURD-2022-000264
alex@budega.nyc,"Budega NYC, Inc. *",1 (917) 697-2667,Brooklyn,2023-08-13T18:32:54.182098,OCMCAURD-2022-000267
omar.cabrera20@gmail.com,Uplift royal LLC*,1 (646) 941-9111,Manhattan,2023-08-13T18:32:54.182098,OCMCAURD-2022-000268
Bikelifesports@gmail.com,Risk Takerz LLC*,1 (212) 390-0290,Manhattan,2023-08-13T18:32:54.182098,OCMCAURD-2022-000270
"jahkaya.tellezpugh4@gmail.co
m","Dynasty Commodities, Inc. *",1 (646) 994-5064,Manhattan,2023-08-13T18:32:54.182098,OCMCAURD-2022-000275
spcorp111@aol.com,Puro vita enterprises inc. *,1 (305) 336-6546,Brooklyn,2023-08-13T18:32:54.182098,OCMCAURD-2022-000276
mkamornik@gmail.com,ov enterprises llc*,1 (646) 642-3623,Brooklyn,2023-08-13T18:32:54.182098,OCMCAURD-2022-000282
celes.walters@yahoo.com,Celes Walters*,1 (347) 563-2770,Brooklyn,2023-08-13T18:32:54.182098,OCMCAURD-2022-000286
drebbin2001@yahoo.com,Seven Forty Eight LLC*,1 (516) 593-1358,Manhattan,2023-08-13T18:32:54.182098,OCMCAURD-2022-000287
drewpetrone19@gmail.com,Strong Island Chronic LLC*,1 (516) 272-6801,Long Island,2023-08-13T18:32:54.182098,OCMCAURD-2022-000290
highsocietywestchester@gmail.,The High Society Social Club LLC*,1 (914) 980-9557,Mid-Hudson,2023-08-13T18:32:54.182098,OCMCAURD-2022-000293
eileencortez3702@gmail.com,E & J BTQ CORP*,1 (929) 322-7342,Manhattan,2023-08-13T18:32:54.182098,OCMCAURD-2022-000298
lkqowner@gmail.com,KINGS RAW Property LLC*,1 (914) 760-8614,Mid-Hudson,2023-08-13T18:32:54.182098,OCMCAURD-2022-000304
"BIGAPPLEEXOTIC@GMAIL.C
OM",BIG APPLE EXOTICS LLC*,1 (347) 484-1257,Manhattan,2023-08-13T18:32:54.182098,OCMCAURD-2022-000321
Markjgorczyca@gmail.com,"NSEW Trading Company, LLC*",1 (315) 222-5451,Capital Region,2023-08-13T18:32:54.182098,OCMCAURD-2022-000324
CatRockCAURDLLC@gmail.co,Cat Rock CAURD LLC*,1 (347) 724-7735,Mid-Hudson,2023-08-13T18:32:54.182098,OCMCAURD-2022-000325
timmyinc@gmail.com,Dai Ma*,1 (917) 982-5409,Manhattan,2023-08-13T18:32:54.182098,OCMCAURD-2022-000327
tribesofmorocco@gmail.com,"Vibes of Morocco Limited Liability
Company*",1 (347) 415-3834,Manhattan,2023-08-13T18:32:54.182098,OCMCAURD-2022-000330
rachel.cheung@tlccreativesolut,TLC Creative Solutions Inc*,1 (646) 469-1823,Brooklyn,2023-08-13T18:32:54.182098,OCMCAURD-2022-000333
ac.alanchiu@gmail.com,SLCZ NY LLC*,1 (917) 939-0087,Manhattan,2023-08-13T18:32:54.182098,OCMCAURD-2022-000335
michaelgardner83@gmail.com,Up State Sports Cards LLC*,1 (518) 879-1441,Capital Region,2023-08-13T18:32:54.182098,OCMCAURD-2022-000337
flxbbqkim@gmail.com,Kimberly L Baldwin*,1 (716) 574-3679,Finger Lakes,2023-08-13T18:32:54.182098,OCMCAURD-2022-000340
evexiadispensary@gmail.com,Evexia Therapeutics LLC*,1 (315) 525-2888,Capital Region,2023-08-13T18:32:54.182098,OCMCAURD-2022-000344
garrett@opuscg.com,JTCC NY LLC*,1 (607) 761-9337,Finger Lakes,2023-08-13T18:32:54.182098,OCMCAURD-2022-000346
hrcxnyc@gmail.com,Garrido Enterprise Worldwide LLC*,1 (917) 564-6889,Manhattan,2023-08-13T18:32:54.182098,OCMCAURD-2022-000347
"sam@firstchoicediagnostic.co
m","AFNY, LLC*",1 (516) 375-2105,Long Island,2023-08-13T18:32:54.182098,OCMCAURD-2022-000353
ddtreelandscaping@gmail.com,"Mojo Working, LLC*",1(914) 447 -1993,Mid-Hudson,2023-08-13T18:32:54.182098,OCMCAURD-2022-000359
yrandazzo@ltesq.com,B.D.D. Family Distributors LLC*,1 (631) 666-2500,Long Island,2023-08-13T18:32:54.182098,OCMCAURD-2022-000362
christopher.whelan2018@gmail,CJ BUSINESS VENTURES LLC*,1 (201) 637-5132,Long Island,2023-08-13T18:32:54.182098,OCMCAURD-2022-000365
sheldon@24nyconsulting.com,"The BonTemps Firm Retail, LLC*",1 (347) 522-5965,Western NY,2023-08-13T18:32:54.182098,OCMCAURD-2022-000370
hps700nyc@gmail.com,HPS700 NY. LLC*,1 (646) 715-8802,Bronx,2023-08-13T18:32:54.182098,OCMCAURD-2022-000371
mattvotypka@gmail.com,Farmer Barney Cannabis LLC*,1 (585) 329-4138,Long Island,2023-08-13T18:32:54.182098,OCMCAURD-2022-000379
superdankholdings@gmail.com,"super dank holdings, llc*",1 (516) 650-0370,Long Island,2023-08-13T18:32:54.182098,OCMCAURD-2022-000382
stevezoomba54@gmail.com,Stelios Zoumberakis*,1 (718) 736-5182,Queens,2023-08-13T18:32:54.182098,OCMCAURD-2022-000386
cisco.cisco@hotmail.com,MRC Industrial LLC*,1 (914) 230-8830,Mid-Hudson,2023-08-13T18:32:54.182098,OCMCAURD-2022-000389
Ehrman.asher@gmail.com,TCMA LLC*,1 (310) 560-0156,Manhattan,2023-08-13T18:32:54.182098,OCMCAURD-2022-000391
licensing@jamesfrm.com,SRCG LLC*,1 (516) 858-5887,Long Island,2023-08-13T18:32:54.182098,OCMCAURD-2022-000401
swanlakeequityllc@gmail.com,Swan Lake Equity LLC*,1 (424) 212-2189,Finger Lakes,2023-08-13T18:32:54.182098,OCMCAURD-2022-000415
badu5000@yahoo.com,badumanagement corp. *,1 (347) 584-9540,Capital Region,2023-08-13T18:32:54.182098,OCMCAURD-2022-000418
jwellinja@gmail.com,M&J Genesis Inc*,1 (519) 390-1906,Capital Region,2023-08-13T18:32:54.182098,OCMCAURD-2022-000420
wnbcafe@gmail.com,"Luxe Oasis, LLC*",1 (917) 507-4446,Brooklyn,2023-08-13T18:32:54.182098,OCMCAURD-2022-000426
mesainy@gmail.com,Hybrid NYC LLC*,1 (917) 385-1867,Brooklyn,2023-08-13T18:32:54.182098,OCMCAURD-2022-000434
gvremax@gmail.com,Washington Place Dispensary LLC*,1 (516) 320-4924,Long Island,2023-08-13T18:32:54.182098,OCMCAURD-2022-000437
howell.miller1@icloud.com,"Two Buds Enterprise, Inc. *",1 (347) 427-7439,Bronx,2023-08-13T18:32:54.182098,OCMCAURD-2022-000438
neema.wiggins@gmail.com,"Take N Toke Herbal Healing
Solutions Inc*",1 (917) 890-9724,Manhattan,2023-08-13T18:32:54.182098,OCMCAURD-2022-000444
toastreellc@gmail.com,TOASTREE LLC*,1 (646) 912-1714,Manhattan,2023-08-13T18:32:54.182098,OCMCAURD-2022-000449
john.c.concannon@gmail.com,"The Hydroterra Cove, Inc*",1 (347) 420-4903,Brooklyn,2023-08-13T18:32:54.182098,OCMCAURD-2022-000450
mleonardo@hinmanstraub.com,"Hold Up Roll Up, LLC*",1 (518) 436-0751,Capital Region,2023-08-13T18:32:54.182098,OCMCAURD-2022-000468
licensing@jamesfrm.com,Sky High Club LLC*,1 (516) 858-5887,Bronx,2023-08-13T18:32:54.182098,OCMCAURD-2022-000470
haliessa212@gmail.com,Authentic 212 LLC*,1 (917) 514-1006,Brooklyn,2023-08-13T18:32:54.182098,OCMCAURD-2022-000475
jackluber@me.com,"Apple Seed Farms, LLC*",1 (631) 897-0808,Manhattan,2023-08-13T18:32:54.182098,OCMCAURD-2022-000476
ELIZCRUZIRBY@GMAIL.COM,LYFE CAHRMZ INC*,1 (347) 822-9533,Manhattan,2023-08-13T18:32:54.182098,OCMCAURD-2022-000480
tcrawford145@gmail.com,"XANDER LEGACY, LLC*",1 (917) 254-6938,Brooklyn,2023-08-13T18:32:54.182098,OCMCAURD-2022-000484
allday81@gmail.com,"State of Mind Dispensary, LLC*",1 (518) 330-9673,Capital Region,2023-08-13T18:32:54.182098,OCMCAURD-2022-000485
royojaysllc@gmail.com,Royo Jays LLC*,1 (845) 282-0737,Mid-Hudson,2023-08-13T18:32:54.182098,OCMCAURD-2022-000490
zalanycca@gmail.com,Coastal Cultivation Association LLC*,1 (518) 901-9201,Capital Region,2023-08-13T18:32:54.182098,OCMCAURD-2022-000494
pablovelezangel@gmail.com,Better States LLC*,1 (914) 484-4103,Brooklyn,2023-08-13T18:32:54.182098,OCMCAURD-2022-000505
"Keston@OfTheEarthCanna.co
m",Of The Earth Canna LLC*,1 (516) 236-4258,Manhattan,2023-08-13T18:32:54.182098,OCMCAURD-2022-000508
romectc@gmail.com,I MAG CLEANING LLC*,1 (347) 869-2260,Queens,2023-08-13T18:32:54.182098,OCMCAURD-2022-000511
marcocaltieri@gmail.com,Jacob Calabria*,1 (585) 802-7860,Finger Lakes,2023-08-13T18:32:54.182098,OCMCAURD-2022-000513
stevealexander81@gmail.com,Eyal Eitan*,1 (646) 523-6819,Bronx,2023-08-13T18:32:54.182098,OCMCAURD-2022-000518
seanww2012@gmail.com,37th St. SRJS Corp. *,1 (347) 931-6744,Queens,2023-08-13T18:32:54.182098,OCMCAURD-2022-000519
Capt.rich@yahoo.com,Havana's Paradise Garden LLC*,1 (917) 559-4669,Manhattan,2023-08-13T18:32:54.182098,OCMCAURD-2022-000522
"theresa@classicshedandpatio.
com",Central Apothecary LLC*,1 (518) 605-7588,Capital Region,2023-08-13T18:32:54.182098,OCMCAURD-2022-000524
epicparlay@gmail.com,Epic Parlay LLC*,1 (516) 986-8499,Brooklyn,2023-08-13T18:32:54.182098,OCMCAURD-2022-000525
curryjsc@gmail.com,"JS Curry & Associates, LLC*",1 (716) 553-9169,Western NY,2023-08-13T18:32:54.182098,OCMCAURD-2022-000532
mastermindz031@aol.com,Fraser Enterprise LLC*,1 (929) 503-7438,Bronx,2023-08-13T18:32:54.182098,OCMCAURD-2022-000536
Goodmoneyceo@yahoo.com,Big Bro Consulting LLC*,1 (518) 545-6299,Capital Region,2023-08-13T18:32:54.182098,OCMCAURD-2022-000537
reziduenyc@gmail.com,Mizzor Collection LLC*,1 (347) 302-1365,Manhattan,2023-08-13T18:32:54.182098,OCMCAURD-2022-000549
allysondobrer@gmail.com,A Cannaful Life LLC*,1 (718) 887-5143,Brooklyn,2023-08-13T18:32:54.182098,OCMCAURD-2022-000560
"Ruddyefrainsantana@gmail.co
m",Suufi Cannabis Inc*,1 (347) 310-3679,Manhattan,2023-08-13T18:32:54.182098,OCMCAURD-2022-000568
masonmello@hotmail.com,Excelsior Provisions LLC*,1 (518) 852-7015,Capital Region,2023-08-13T18:32:54.182098,OCMCAURD-2022-000569
mmpresentsthebreedsllc@gma,Green Rush 607 LLC*,1 (607) 215-3749,Southern Tier,2023-08-13T18:32:54.182098,OCMCAURD-2022-000584
cussincori@gmail.com,Cori Rodriguez*,1 (518) 533-8200,Capital Region,2023-08-13T18:32:54.182098,OCMCAURD-2022-000586
dowds333@gmail.com,Love Bud LLP*,1 (646) 229-1256,Manhattan,2023-08-13T18:32:54.182098,OCMCAURD-2022-000590
Dchincarty@gmail.com,420 Wonderland LLC*,1 (845) 764-0354,Brooklyn,2023-08-13T18:32:54.182098,OCMCAURD-2022-000599
dblair189@msn.com,Hydroman Dispensary*,1 (518) 888-2596,Capital Region,2023-08-13T18:32:54.182098,OCMCAURD-2022-000601
louisangruocco@gmail.com,LAR MEMORABILIA LLC*,1 (347) 343-0020,Queens,2023-08-13T18:32:54.182098,OCMCAURD-2022-000604
alissa@luckygreenladies.com,"Lucky Green Ladies NY, LLC*",1 (845) 325-2874,Mid-Hudson,2023-08-13T18:32:54.182098,OCMCAURD-2022-000607
Angelfigueroa62@yahoo.com,Gratitude Buds Dispensary LLC*,1 (929) 213-2717,Mid-Hudson,2023-08-13T18:32:54.182098,OCMCAURD-2022-000615
DANGELO.CHRISTINA@GMA,"718 Equity Enterprise, Inc. *",1 (347) 351-8309,Finger Lakes,2023-08-13T18:32:54.182098,OCMCAURD-2022-000617
joegiangiacomo@gmail.com,Platinum Leaf LLC*,1 (845) 807-8091,Mid-Hudson,2023-08-13T18:32:54.182098,OCMCAURD-2022-000619
FV@TheCloudFather.us,CloudFather LLC*,1 (914) 447-8878,Manhattan,2023-08-13T18:32:54.182098,OCMCAURD-2022-000621
timothyrfried@gmail.com,Storytellers New York*,1 (917) 370-2128,Manhattan,2023-08-13T18:32:54.182098,OCMCAURD-2022-000630
lennymanning@aol.com,THE WEED SHOPPE INC. *,1 (718) 490-0803,Richmond,2023-08-13T18:32:54.182098,OCMCAURD-2022-000631
tduffy@duffycorp.com,TD Fitness LLC*,1 (708) 606-0177,Long Island,2023-08-13T18:32:54.182098,OCMCAURD-2022-000642
oldchampion@icloud.com,DTCHOne LLC*,1 (347) 967-2862,Brooklyn,2023-08-13T18:32:54.182098,OCMCAURD-2022-000646
christina@bloomstoneco.com,"CTNYC Partners, Inc*",1 (347) 351-8309,Brooklyn,2023-08-13T18:32:54.182098,OCMCAURD-2022-000650
kubs24@aol.com,"Excelsior Cannabis, Inc. *",N/a,Capital Region,2023-08-13T18:32:54.182098,OCMCAURD-2022-000659
lyssahomes1@gmail.com,Bitar Assets Inc. *,1 (917) 374-5769,Queens,2023-08-13T18:32:54.182098,OCMCAURD-2022-000661
llcelevateddreams@gmail.com,Elevated Dreams LLC*,1 (631) 488-5128,Brooklyn,2023-08-13T18:32:54.182098,OCMCAURD-2022-000662
iv1670@aol.com,Straight From The Mata*,1 (646) 509-7756,Manhattan,2023-08-13T18:32:54.182098,OCMCAURD-2022-000663
smckenzienyc@gmail.com,Five Borough Farms LLC*,1 (917) 723-0908,Brooklyn,2023-08-13T18:32:54.182098,OCMCAURD-2022-000675
kevin.b@a2kelectric.com,THE HIGH LEAGUE LLC*,1 (719) 536-6509,Brooklyn,2023-08-13T18:32:54.182098,OCMCAURD-2022-000678
arcadiawellnessny@gmail.com,Arcadia Wellness NY LTD*,1 (845) 519-8260,Mid-Hudson,2023-08-13T18:32:54.182098,OCMCAURD-2022-000680
cmuraco@aol.com,Fabers Arcade Inc*,1 (917) 723-3232,Manhattan,2023-08-13T18:32:54.182098,OCMCAURD-2022-000687
latinbud22@gmail.com,LATIN BUD LLC*,1 (929) 724-4168,Manhattan,2023-08-13T18:32:54.182098,OCMCAURD-2022-000700
Dkubikian@gmail.com,"Cannabis For The People, Inc. *",N/a,Capital Region,2023-08-13T18:32:54.182098,OCMCAURD-2022-000701
mikedavis0922@gmail.com,Saratoga Strange Design LLC*,1 (518) 275-1897,Capital Region,2023-08-13T18:32:54.182098,OCMCAURD-2022-000705
novolume1215@gmail.com,No Volume Records LLC*,1 (518) 227-3696,Capital Region,2023-08-13T18:32:54.182098,OCMCAURD-2022-000706
Jonahebay76@gmail.com,3JsUmiNDre LLC*,1 (312) 848-0808,Brooklyn,2023-08-13T18:32:54.182098,OCMCAURD-2022-000707
RobLimNY1979@gmail.com,Robert M Lim*,1 (516) 307-8380,Bronx,2023-08-13T18:32:54.182098,OCMCAURD-2022-000710
kathlnnjackson@gmail.com,"Sensi Smoke, LLC*",1 (585) 369-6544,Southern Tier,2023-08-13T18:32:54.182098,OCMCAURD-2022-000712
mgranville@hometoharlem.nyc,"Harlem Grade, Inc. *",1 (212) 316-1636,Manhattan,2023-08-13T18:32:54.182098,OCMCAURD-2022-000713
ktaylor@demarcotaylorlaw.com,D'Amico Group LLC*,1 (585) 491-6950,Finger Lakes,2023-08-13T18:32:54.182098,OCMCAURD-2022-000722
nicklehousedev@gmail.com,"Nickel House Development, Inc. *",1 (716) 464-0927,Manhattan,2023-08-13T18:32:54.182098,OCMCAURD-2022-000725
monroejp15@gmail.com,Heal the Nation Inc*,1 (425) 312-5636,Manhattan,2023-08-13T18:32:54.182098,OCMCAURD-2022-000726
seaniep98@gmail.com,Frenchie Herb LLC*,1 (518) 590-3126,Capital Region,2023-08-13T18:32:54.182098,OCMCAURD-2022-000728
sednyc@hotmail.com,Disco Herbatory LLC*,1 (718) 619-7100,Brooklyn,2023-08-13T18:32:54.182098,OCMCAURD-2022-000740
jorge@vsllplaw.com,82-J LLC*,1 (212) 752-8408,Western NY,2023-08-13T18:32:54.182098,OCMCAURD-2022-000751
tellaride23@gmail.com,Omar D Rabadi*,1 (914) 885-4095,Manhattan,2023-08-13T18:32:54.182098,OCMCAURD-2022-000752
pl22110llc@proton.me,PL 221.10 LLC*,1 (646) 709-6823,Brooklyn,2023-08-13T18:32:54.182098,OCMCAURD-2022-000758
stephencapoziello@gmail.com,Bo's Buds LLC*,1 (631) 335-7972,Long Island,2023-08-13T18:32:54.182098,OCMCAURD-2022-000761
Jesseconeill@gmail.com,PL 221.55 LLC*,1 (646) 438-5377,Brooklyn,2023-08-13T18:32:54.182098,OCMCAURD-2022-000762
cliffcmas@gmail.com,Piffords*,1 (914) 299-3570,Mid-Hudson,2023-08-13T18:32:54.182098,OCMCAURD-2022-000769
paulabreu15@gmail.com,All County Exotics LLC*,1 (917) 450-5159,Manhattan,2023-08-13T18:32:54.182098,OCMCAURD-2022-000773
J.berridge9243@gmail.com,Jonathan Berridge*,1 (914) 837-1755,Mid-Hudson,2023-08-13T18:32:54.182098,OCMCAURD-2022-000775
firexoticsllc@gmail.com,"Fire Exotics, LLC*",1 (716) 418-2109,Western NY,2023-08-13T18:32:54.182098,OCMCAURD-2022-000776
mishiyev23@gmail.com,"DeMarino's, LLC*",1 (813) 810-7475,Western NY,2023-08-13T18:32:54.182098,OCMCAURD-2022-000777
dianemhowardd@yahoo.com,"DJF Unlimited, LLC*",1 (312) 446-9339,Long Island,2023-08-13T18:32:54.182098,OCMCAURD-2022-000781
HEIDYPALMER@GMAIL.COM,Joseph A. Smith*,1 (646) 323-9735,Manhattan,2023-08-13T18:32:54.182098,OCMCAURD-2022-000792
NicoleMLucien@gmail.com,Weedish LLC*,1 (347) 420-0838,Manhattan,2023-08-13T18:32:54.182098,OCMCAURD-2022-000801
terrencemumford@yahoo.com,SONZ OF CANNABIS LLC*,1 (951) 293-8452,Brooklyn,2023-08-13T18:32:54.182098,OCMCAURD-2022-000802
maur.stringer29@gmail.com,The Magi Tree LLC*,1 (781) 408-2474,Long Island,2023-08-13T18:32:54.182098,OCMCAURD-2022-000810
smaguirenyc@gmail.com,"HAPPY123NYC, LLC*",1 (347) 302-5594,Manhattan,2023-08-13T18:32:54.182098,OCMCAURD-2022-000816
jeanrl1536@gmail.com,Jean R Levasseur*,1 (347) 452-0441,Brooklyn,2023-08-13T18:32:54.182098,OCMCAURD-2022-000817
Karenmtobin2@gmail.com,"Evergreen Retail 1, LLC*",1 (585) 613-1443,Finger Lakes,2023-08-13T18:32:54.182098,OCMCAURD-2022-000821
"Nathaniel.cj.simmons@gmail.c
om",Northern Lights Dispensary LLC*,1 (347) 443-7472,Long Island,2023-08-13T18:32:54.182098,OCMCAURD-2022-000837
thepremiumbud@gmail.com,The Premium Bud LLC*,1 (201) 932-0302,Manhattan,2023-08-13T18:32:54.182098,OCMCAURD-2022-000841
smsny76@yahoo.com,NYSafe 420*,1 (845) 717-0001,Mid-Hudson,2023-08-13T18:32:54.182098,OCMCAURD-2022-000849
"johnmackewich@mackewich.c
om","4081 Industries, LLC*",1 (702) 544-2662,Capital Region,2023-08-13T18:32:54.182098,OCMCAURD-2022-000856
Jacquelyn5884@yahoo.com,Bloom Dispensary LLC*,1 (518) 857-5143,Capital Region,2023-08-13T18:32:54.182098,OCMCAURD-2022-000862
lotusdispensaryllc@gmail.com,Lotus Dispensary LLC*,1 (646) 750-4681,Queens,2023-08-13T18:32:54.182098,OCMCAURD-2022-000870
john@omgcomplete.com,"WNYC II, LLC*",1 (716) 529-8433,Western NY,2023-08-13T18:32:54.182098,OCMCAURD-2022-000878
m.ramos273@gmail.com,3M Squared LLC*,1 (917) 767-3751,Brooklyn,2023-08-13T18:32:54.182098,OCMCAURD-2022-000881
Nailenyb@gmail.com,Victory Dispensary LLC*,1 (917) 530-6465,Manhattan,2023-08-13T18:32:54.182098,OCMCAURD-2022-000882
jorge@vsllplaw.com,The Weed Spot LLC*,1 (212) 752-8408,Capital Region,2023-08-13T18:32:54.182098,OCMCAURD-2022-000891
shannonsmith_ss@yahoo.com,"GreenLakesDispo, LLC*",1 (585) 230-9112,Finger Lakes,2023-08-13T18:32:54.182098,OCMCAURD-2022-000001
trbishopesq@gmail.com,"Vladimir Bautista, LLC*",1 (480) 310-1005,Manhattan,2023-08-13T18:32:54.182098,OCMCAURD-2022-000003
ramon@happymunkey.com,Ramon Reyes LLC*,1 (347) 863-5864,Brooklyn,2023-08-13T18:32:54.182098,OCMCAURD-2022-000006
"Esperanza.Segarra@gmail.co
m",Nuna Harvest LLC*,1 (305) 794-0816,Mid-Hudson,2023-08-13T18:32:54.182098,OCMCAURD-2022-000007
carl.tirella@gmail.com,Capri Holdings 2 LLC*,1 (914) 715-0364,Mid-Hudson,2023-08-13T18:32:54.182098,OCMCAURD-2022-000008
david@musumeci.org,David Carl Musumeci*,1 (315) 576-8389,Central NY,2023-08-13T18:32:54.182098,OCMCAURD-2022-000010
"ADRIAN_FERNANDEZZ@ICL
OUD.COM","GOOD VIBES NY, INC*.",1 (212) 470-6564,Bronx,2023-08-13T18:32:54.182098,OCMCAURD-2022-000014
leonardanthonybk@gmail.com,Kush & Kicks Dispensary LLC*,1 (347) 288-0930,Manhattan,2023-08-13T18:32:54.182098,OCMCAURD-2022-000019
brooklynorganicbuds@gmail.co,Brooklyn Organic Buds LLC*,1 (631) 506-5733,Brooklyn,2023-08-13T18:32:54.182098,OCMCAURD-2022-000022
simplygreenny@gmail.com,"Simply Green Natural Lifestyle
Remedies LLC*",1 (516) 413-1122,Long Island,2023-08-13T18:32:54.182098,OCMCAURD-2022-000024
browniesbrnd@gmail.com,Brownies Dispensary LLC*,1 (518) 961-5478,Capital Region,2023-08-13T18:32:54.182098,OCMCAURD-2022-000028
maxim@mary.solutions,Juniper NY LLC *,1 (718) 866-7345,Manhattan,2023-08-13T18:32:54.182098,OCMCAURD-2022-000031
dehran@devilsharvestny.com,"DLD DH, Inc*",1 (917) 567-8139,Manhattan,2023-08-13T18:32:54.182098,OCMCAURD-2022-000033
716Cannabisllc@gmail.com,716 Cannabis*,1 (716) 997-2752,Western NY,2023-08-13T18:32:54.182098,OCMCAURD-2022-000036
Stan.Michaels@att.net,Leafy NYC Corp. *,1 (516) 777-0107,Manhattan,2023-08-13T18:32:54.182098,OCMCAURD-2022-000041
CMcBain@GetFlos.com,NY Flos LLC*,1 (914) 830-9945,Mid-Hudson,2023-08-13T18:32:54.182098,OCMCAURD-2022-000043
xjaillet@clarkhill.com,"Green Nexus Dispensary, Inc. *",1 (303) 501-5918,Manhattan,2023-08-13T18:32:54.182098,OCMCAURD-2022-000046
shane@myelectrician518.com,"MyElectrician518.com, LLC*",1 (518) 376-5914,Capital Region,2023-08-13T18:32:54.182098,OCMCAURD-2022-000048
fbocci68@gmail.com,"Unbothered Bud, LLC*",1 (516) 241-6967,Mid-Hudson,2023-08-13T18:32:54.182098,OCMCAURD-2022-000055
BRYANROCCHIO@AOL.COM,Rocchio Realty Inc*,1 (718) 866-5739,Manhattan,2023-08-13T18:32:54.182098,OCMCAURD-2022-000067
ben@thehighrise.co,High Rise Brands LLC*,1 (917) 583-5867,Long Island,2023-08-13T18:32:54.182098,OCMCAURD-2022-000068
denisgmurphy@hotmail.com,Denis Murphy*,1 (631) 521-1105,Long Island,2023-08-13T18:32:54.182098,OCMCAURD-2022-000071
torocontact@gmail.com,3 - 5 HOLDINGS LLC*,1 (607) 275-7806,Southern Tier,2023-08-13T18:32:54.182098,OCMCAURD-2022-000072
Bigartsiny@gmail.com,CBD 420 LLC*,1 (718) 500-5339,Richmond,2023-08-13T18:32:54.182098,OCMCAURD-2022-000076
rubenrangini@yahoo.com,Nysnoozed limited liability company*,1 (347) 223-7446,Queens,2023-08-13T18:32:54.182098,OCMCAURD-2022-000079
geoff@cannabuff.com,Brownies LLC*,1 (585) 506-6181,Western NY,2023-08-13T18:32:54.182098,OCMCAURD-2022-000086
ronaldshen@aol.com,R&R Remedies LLC*,1 (646) 533-5355,Brooklyn,2023-08-13T18:32:54.182098,OCMCAURD-2022-000089
erbquest@gmail.com,TAOZEN LLC*,1 (917) 819-9304,Manhattan,2023-08-13T18:32:54.182098,OCMCAURD-2022-000090
GINOFINANCE@GMAIL.COM,GG Collective LLC*,1 (516) 557-1874,Queens,2023-08-13T18:32:54.182098,OCMCAURD-2022-000107
dtree249@icloud.com,DAD DISTRIBUTORS LLC*,1 (347) 979-5084,Richmond,2023-08-13T18:32:54.182098,OCMCAURD-2022-000110
vpezz88@gmail.com,ALKALIFE LLC*,1 (808) 590-9487,Manhattan,2023-08-13T18:32:54.182098,OCMCAURD-2022-000111
robbiesproduce@yahoo.com,Robert L. Grannis*,1 (607) 624-0477,Southern Tier,2023-08-13T18:32:54.182098,OCMCAURD-2022-000112
cutmastertrini@yahoo.com,David L Sutherland*,1 (347) 982-3064,Richmond,2023-08-13T18:32:54.182098,OCMCAURD-2022-000117
wyzeguys98@gmail.com,Wyzeguyz LLC*,1 (267) 441-2923,Manhattan,2023-08-13T18:32:54.182098,OCMCAURD-2022-000118
jl@larcmgmt.com,L.A.R.C. MANAGEMENT LLC*,1 (631) 807-6378,Long Island,2023-08-13T18:32:54.182098,OCMCAURD-2022-000122
andresavocchi@gmail.com,Savo Group Inc*,1 (718) 541-9810,Manhattan,2023-08-13T18:32:54.182098,OCMCAURD-2022-000125
emilyhannahbear@gmail.com,"McPhee's Smoke Shop & More
LLC*",1 (518) 742-9951,Capital Region,2023-08-13T18:32:54.182098,OCMCAURD-2022-000126
mark@thewagonerfirm.com,NIYAWILL LLC*,1 (518) 400-0955,Mohawk Valley,2023-08-13T18:32:54.182098,OCMCAURD-2022-000127
jerry@thecableguysinc.com,The Cable Guys Inc. *,1 (718) 605-6929,Richmond,2023-08-13T18:32:54.182098,OCMCAURD-2022-000130
mataleeannla@yahoo.com,"Weed Growers From Seed To Stone
LLC*",1 (718) 210-8779,Brooklyn,2023-08-13T18:32:54.182098,OCMCAURD-2022-000132
kotlyar11235@gmail.com,LEPIS CANNABIS LLC*,1 (212) 729-7574,Manhattan,2023-08-13T18:32:54.182098,OCMCAURD-2022-000136
michelecole@optonline.net,KGDM ENTERPRISE LLC*,1 (516) 851-2611,Long Island,2023-08-13T18:32:54.182098,OCMCAURD-2022-000137
licensing@jamesfrm.com,"MedaBlue, LLC*",1 (516) 858-5887,Manhattan,2023-08-13T18:32:54.182098,OCMCAURD-2022-000138
gquigua@gmail.com,All Wellness Inc*,1 (929) 478-9414,Manhattan,2023-08-13T18:32:54.182098,OCMCAURD-2022-000139
SparkboroInc@gmail.com,Sparkboro Inc*,1 (845) 222-9151,Manhattan,2023-08-13T18:32:54.182098,OCMCAURD-2022-000141
tedhillpestcontrol@gmail.com,Troy A Benson*,1 (845) 654-0101,Mid-Hudson,2023-08-13T18:32:54.182098,OCMCAURD-2022-000147
charles.tavarez@gmail.com,NYS CANNABIS PARTNERS INC. *,1( 347)804-2552,Brooklyn,2023-08-13T18:32:54.182098,OCMCAURD-2022-000148
daphneborowski@gmail.com,Rodge Archer*,1 (646) 554-0438,Bronx,2023-08-13T18:32:54.182098,OCMCAURD-2022-000151
cameronpierre5@gmail.com,MADWIZ LLC*,1 (718) 924-7081,Brooklyn,2023-08-13T18:32:54.182098,OCMCAURD-2022-000152
joetigano1st@outlook.com,"ARE WE GOOD ENTERPRISES
INC. *",1 (631) 522-5036,Brooklyn,2023-08-13T18:32:54.182098,OCMCAURD-2022-000156
"ja@a1entertainmentevents.co
m",John A White*,1 (516) 314-0044,Brooklyn,2023-08-13T18:32:54.182098,OCMCAURD-2022-000159
robanz038@gmail.com,A Little Place to Relax LLC*,1 (518) 331-4774,Manhattan,2023-08-13T18:32:54.182098,OCMCAURD-2022-000160
leo@shalit-law.com,bzd enterprises llc*,1 (646) 957-0009,Manhattan,2023-08-13T18:32:54.182098,OCMCAURD-2022-000163
tradesmansean@gmail.com,Sean of all trades LLC*,1 (516) 416-9775,Capital Region,2023-08-13T18:32:54.182098,OCMCAURD-2022-000166
chrisli1217@gmail.com,TRADER LI CAPITAL LLC*,1 (929) 373-6283,Queens,2023-08-13T18:32:54.182098,OCMCAURD-2022-000167
jillian@astroincnyc.com,"Astro Management, Inc. *",1 (917) 701-3114,Manhattan,2023-08-13T18:32:54.182098,OCMCAURD-2022-000168
Skurland340@gmail.com,Green Culture LLC*,1 (917) 294-8552,Long Island,2023-08-13T18:32:54.182098,OCMCAURD-2022-000177
wes.care@mail.com,WesCare Transportation LLC*,1 (716) 479-0210,Western NY,2023-08-13T18:32:54.182098,OCMCAURD-2022-000179
Heatmakersny@gmail.com,Elise Pelka*,1 (914) 471-7704,Manhattan,2023-08-13T18:32:54.182098,OCMCAURD-2022-000180
j.elliott@dlxagncy.com,Empire Flower Inc. *,1 (845) 233-0990,Manhattan,2023-08-13T18:32:54.182098,OCMCAURD-2022-000186
dangolden38@outlook.com,Daniel S Dennis*,1 (315) 224-7095,Finger Lakes,2023-08-13T18:32:54.182098,OCMCAURD-2022-000190
beastcoastgroup@gmail.com,BEAST COAST GROUP LLC*,1 (516) 444-0947,Queens,2023-08-13T18:32:54.182098,OCMCAURD-2022-000193
info@inainvestigations.com,"Ifill & Associates, LLC*",1 (917) 385-1876,Brooklyn,2023-08-13T18:32:54.182098,OCMCAURD-2022-000198
CEO@exciteunlimited.com,EXCITE UNLIMITED LLC*,1 (646) 532-7800,Manhattan,2023-08-13T18:32:54.182098,OCMCAURD-2022-000199
candice@brook-islandfuel.com,Candice LoPizzo*,1 (917) 292-0233,Manhattan,2023-08-13T18:32:54.182098,OCMCAURD-2022-000204
gab@gbnylaw.com,NODAYSOFF CANNABIS*,1 (631) 743-9900,Long Island,2023-08-13T18:32:54.182098,OCMCAURD-2022-000213
"mireille@athenianroyaltygroup.
com",Athenian Royalty Group LLC*,1 (347) 736-3918,Queens,2023-08-13T18:32:54.182098,OCMCAURD-2022-000218
wei@mrtalaw.com,"WhiteboxTHC, LLC*",1 (646) 263-7890,Manhattan,2023-08-13T18:32:54.182098,OCMCAURD-2022-000224
rmrojan@aol.com,K&T Express Inc*,1 (347) 343-0050,Long Island,2023-08-13T18:32:54.182098,OCMCAURD-2022-000228
crchristyr9@gmail.com,7 Point Dispensary INC. *,1 (518) 965-1554,Capital Region,2023-08-13T18:32:54.182098,OCMCAURD-2022-000232
vinnyestate@gmail.com,Vincent Chan*,1 (646) 752-2787,Manhattan,2023-08-13T18:32:54.182098,OCMCAURD-2022-000233
jrobinson54@optimum.net,"Concrete Construction Consulting
LLC*",1 (631) 298-4474,Long Island,2023-08-13T18:32:54.182098,OCMCAURD-2022-000242
coastalgreencorp@gmail.com,Coastal Green LLC*,1 (631) 294-1063,Long Island,2023-08-13T18:32:54.182098,OCMCAURD-2022-000250
MindAndBodyCanna@gmail.co,J & H Canna Industries Inc*,1 (631) 484-8350,Long Island,2023-08-13T18:32:54.182098,OCMCAURD-2022-000252
mleonardo@hinmanstraub.com,"Robinson’s Cannabis Flowers, LLC.
*",1 (518) 436-0751,Capital Region,2023-08-13T18:32:54.182098,OCMCAURD-2022-000263
eglickman@msn.com,EGRH LLC. *,1 (561) 358-8058,Capital Region,2023-08-13T18:32:54.182098,OCMCAURD-2022-000264
alex@budega.nyc,"Budega NYC, Inc. *",1 (917) 697-2667,Brooklyn,2023-08-13T18:32:54.182098,OCMCAURD-2022-000267
omar.cabrera20@gmail.com,Uplift royal LLC*,1 (646) 941-9111,Manhattan,2023-08-13T18:32:54.182098,OCMCAURD-2022-000268
Bikelifesports@gmail.com,Risk Takerz LLC*,1 (212) 390-0290,Bronx,2023-08-13T18:32:54.182098,OCMCAURD-2022-000270
"jahkaya.tellezpugh4@gmail.co
m","Dynasty Commodities, Inc. *",1 (646) 994-5064,Manhattan,2023-08-13T18:32:54.182098,OCMCAURD-2022-000275
spcorp111@aol.com,Puro vita enterprises inc. *,1 (305) 336-6546,Brooklyn,2023-08-13T18:32:54.182098,OCMCAURD-2022-000276
mkamornik@gmail.com,ov enterprises llc*,1 (646) 642-3623,Manhattan,2023-08-13T18:32:54.182098,OCMCAURD-2022-000282
celes.walters@yahoo.com,Celes Walters*,1 (347) 563-2770,Brooklyn,2023-08-13T18:32:54.182098,OCMCAURD-2022-000286
drebbin2001@yahoo.com,Seven Forty Eight LLC*,1 (516) 593-1358,Manhattan,2023-08-13T18:32:54.182098,OCMCAURD-2022-000287
drewpetrone19@gmail.com,Strong Island Chronic LLC*,1 (516) 272-6801,Long Island,2023-08-13T18:32:54.182098,OCMCAURD-2022-000290
highsocietywestchester@gmail.,The High Society Social Club LLC*,1 (914) 980-9557,Mid-Hudson,2023-08-13T18:32:54.182098,OCMCAURD-2022-000293
eileencortez3702@gmail.com,E & J BTQ CORP*,1 (929) 322-7342,Manhattan,2023-08-13T18:32:54.182098,OCMCAURD-2022-000298
lkqowner@gmail.com,KINGS RAW Property LLC*,1 (914) 760-8614,Mid-Hudson,2023-08-13T18:32:54.182098,OCMCAURD-2022-000304
"BIGAPPLEEXOTIC@GMAIL.C
OM",BIG APPLE EXOTICS LLC*,1 (347) 484-1257,Manhattan,2023-08-13T18:32:54.182098,OCMCAURD-2022-000321
Markjgorczyca@gmail.com,"NSEW Trading Company, LLC*",1 (315) 222-5451,Capital Region,2023-08-13T18:32:54.182098,OCMCAURD-2022-000324
CatRockCAURDLLC@gmail.co,Cat Rock CAURD LLC*,1 (347) 724-7735,Mid-Hudson,2023-08-13T18:32:54.182098,OCMCAURD-2022-000325
timmyinc@gmail.com,Dai Ma*,1 (917) 982-5409,Manhattan,2023-08-13T18:32:54.182098,OCMCAURD-2022-000327
tribesofmorocco@gmail.com,"Vibes of Morocco Limited Liability
Company*",1 (347) 415-3834,Manhattan,2023-08-13T18:32:54.182098,OCMCAURD-2022-000330
rachel.cheung@tlccreativesolut,TLC Creative Solutions Inc*,1 (646) 469-1823,Manhattan,2023-08-13T18:32:54.182098,OCMCAURD-2022-000333
ac.alanchiu@gmail.com,SLCZ NY LLC*,1 (917) 939-0087,Manhattan,2023-08-13T18:32:54.182098,OCMCAURD-2022-000335
michaelgardner83@gmail.com,Up State Sports Cards LLC*,1 (518) 879-1441,Capital Region,2023-08-13T18:32:54.182098,OCMCAURD-2022-000337
flxbbqkim@gmail.com,Kimberly L Baldwin*,1 (716) 574-3679,Finger Lakes,2023-08-13T18:32:54.182098,OCMCAURD-2022-000340
evexiadispensary@gmail.com,Evexia Therapeutics LLC*,1 (315) 525-2888,Capital Region,2023-08-13T18:32:54.182098,OCMCAURD-2022-000344
garrett@opuscg.com,JTCC NY LLC*,1 (607) 761-9337,Finger Lakes,2023-08-13T18:32:54.182098,OCMCAURD-2022-000346
hrcxnyc@gmail.com,Garrido Enterprise Worldwide LLC*,1 (917) 564-6889,Manhattan,2023-08-13T18:32:54.182098,OCMCAURD-2022-000347
"sam@firstchoicediagnostic.co
m","AFNY, LLC*",1 (516) 375-2105,Long Island,2023-08-13T18:32:54.182098,OCMCAURD-2022-000353
ddtreelandscaping@gmail.com,"Mojo Working, LLC*",1(914) 447 -1993,Mid-Hudson,2023-08-13T18:32:54.182098,OCMCAURD-2022-000359
yrandazzo@ltesq.com,B.D.D. Family Distributors LLC*,1 (631) 666-2500,Long Island,2023-08-13T18:32:54.182098,OCMCAURD-2022-000362
christopher.whelan2018@gmail,CJ BUSINESS VENTURES LLC*,1 (201) 637-5132,Long Island,2023-08-13T18:32:54.182098,OCMCAURD-2022-000365
sheldon@24nyconsulting.com,"The BonTemps Firm Retail, LLC*",1 (347) 522-5965,Western NY,2023-08-13T18:32:54.182098,OCMCAURD-2022-000370
hps700nyc@gmail.com,HPS700 NY. LLC*,1 (646) 715-8802,Bronx,2023-08-13T18:32:54.182098,OCMCAURD-2022-000371
mattvotypka@gmail.com,Farmer Barney Cannabis LLC*,1 (585) 329-4138,Long Island,2023-08-13T18:32:54.182098,OCMCAURD-2022-000379
superdankholdings@gmail.com,"super dank holdings, llc*",1 (516) 650-0370,Long Island,2023-08-13T18:32:54.182098,OCMCAURD-2022-000382
stevezoomba54@gmail.com,Stelios Zoumberakis*,1 (718) 736-5182,Queens,2023-08-13T18:32:54.182098,OCMCAURD-2022-000386
cisco.cisco@hotmail.com,MRC Industrial LLC*,1 (914) 230-8830,Mid-Hudson,2023-08-13T18:32:54.182098,OCMCAURD-2022-000389
Ehrman.asher@gmail.com,TCMA LLC*,1 (310) 560-0156,Manhattan,2023-08-13T18:32:54.182098,OCMCAURD-2022-000391
licensing@jamesfrm.com,SRCG LLC*,1 (516) 858-5887,Long Island,2023-08-13T18:32:54.182098,OCMCAURD-2022-000401
swanlakeequityllc@gmail.com,Swan Lake Equity LLC*,1 (424) 212-2189,Finger Lakes,2023-08-13T18:32:54.182098,OCMCAURD-2022-000415
badu5000@yahoo.com,badumanagement corp. *,1 (347) 584-9540,Capital Region,2023-08-13T18:32:54.182098,OCMCAURD-2022-000418
jwellinja@gmail.com,M&J Genesis Inc*,1 (519) 390-1906,Capital Region,2023-08-13T18:32:54.182098,OCMCAURD-2022-000420
wnbcafe@gmail.com,"Luxe Oasis, LLC*",1 (917) 507-4446,Brooklyn,2023-08-13T18:32:54.182098,OCMCAURD-2022-000426
mesainy@gmail.com,Hybrid NYC LLC*,1 (917) 385-1867,Manhattan,2023-08-13T18:32:54.182098,OCMCAURD-2022-000434
gvremax@gmail.com,Washington Place Dispensary LLC*,1 (516) 320-4924,Long Island,2023-08-13T18:32:54.182098,OCMCAURD-2022-000437
howell.miller1@icloud.com,"Two Buds Enterprise, Inc. *",1 (347) 427-7439,Bronx,2023-08-13T18:32:54.182098,OCMCAURD-2022-000438
neema.wiggins@gmail.com,"Take N Toke Herbal Healing
Solutions Inc*",1 (917) 890-9724,Manhattan,2023-08-13T18:32:54.182098,OCMCAURD-2022-000444
toastreellc@gmail.com,TOASTREE LLC*,1 (646) 912-1714,Manhattan,2023-08-13T18:32:54.182098,OCMCAURD-2022-000449
john.c.concannon@gmail.com,"The Hydroterra Cove, Inc*",1 (347) 420-4903,Manhattan,2023-08-13T18:32:54.182098,OCMCAURD-2022-000450
mleonardo@hinmanstraub.com,"Hold Up Roll Up, LLC*",1 (518) 436-0751,Capital Region,2023-08-13T18:32:54.182098,OCMCAURD-2022-000468
licensing@jamesfrm.com,Sky High Club LLC*,1 (516) 858-5887,Manhattan,2023-08-13T18:32:54.182098,OCMCAURD-2022-000470
haliessa212@gmail.com,Authentic 212 LLC*,1 (917) 514-1006,Manhattan,2023-08-13T18:32:54.182098,OCMCAURD-2022-000475
jackluber@me.com,"Apple Seed Farms, LLC*",1 (631) 897-0808,Manhattan,2023-08-13T18:32:54.182098,OCMCAURD-2022-000476
ELIZCRUZIRBY@GMAIL.COM,LYFE CAHRMZ INC*,1 (347) 822-9533,Manhattan,2023-08-13T18:32:54.182098,OCMCAURD-2022-000480
tcrawford145@gmail.com,"XANDER LEGACY, LLC*",1 (917) 254-6938,Brooklyn,2023-08-13T18:32:54.182098,OCMCAURD-2022-000484
allday81@gmail.com,"State of Mind Dispensary, LLC*",1 (518) 330-9673,Capital Region,2023-08-13T18:32:54.182098,OCMCAURD-2022-000485
royojaysllc@gmail.com,Royo Jays LLC*,1 (845) 282-0737,Mid-Hudson,2023-08-13T18:32:54.182098,OCMCAURD-2022-000490
zalanycca@gmail.com,Coastal Cultivation Association LLC*,1 (518) 901-9201,Capital Region,2023-08-13T18:32:54.182098,OCMCAURD-2022-000494
pablovelezangel@gmail.com,Better States LLC*,1 (914) 484-4103,Brooklyn,2023-08-13T18:32:54.182098,OCMCAURD-2022-000505
"Keston@OfTheEarthCanna.co
m",Of The Earth Canna LLC*,1 (516) 236-4258,Manhattan,2023-08-13T18:32:54.182098,OCMCAURD-2022-000508
romectc@gmail.com,I MAG CLEANING LLC*,1 (347) 869-2260,Queens,2023-08-13T18:32:54.182098,OCMCAURD-2022-000511
marcocaltieri@gmail.com,Jacob Calabria*,1 (585) 802-7860,Finger Lakes,2023-08-13T18:32:54.182098,OCMCAURD-2022-000513
stevealexander81@gmail.com,Eyal Eitan*,1 (646) 523-6819,Manhattan,2023-08-13T18:32:54.182098,OCMCAURD-2022-000518
seanww2012@gmail.com,37th St. SRJS Corp. *,1 (347) 931-6744,Manhattan,2023-08-13T18:32:54.182098,OCMCAURD-2022-000519
Capt.rich@yahoo.com,Havana's Paradise Garden LLC*,1 (917) 559-4669,Manhattan,2023-08-13T18:32:54.182098,OCMCAURD-2022-000522
"theresa@classicshedandpatio.
com",Central Apothecary LLC*,1 (518) 605-7588,Capital Region,2023-08-13T18:32:54.182098,OCMCAURD-2022-000524
epicparlay@gmail.com,Epic Parlay LLC*,1 (516) 986-8499,Manhattan,2023-08-13T18:32:54.182098,OCMCAURD-2022-000525
curryjsc@gmail.com,"JS Curry & Associates, LLC*",1 (716) 553-9169,Western NY,2023-08-13T18:32:54.182098,OCMCAURD-2022-000532
mastermindz031@aol.com,Fraser Enterprise LLC*,1 (929) 503-7438,Manhattan,2023-08-13T18:32:54.182098,OCMCAURD-2022-000536
Goodmoneyceo@yahoo.com,Big Bro Consulting LLC*,1 (518) 545-6299,Capital Region,2023-08-13T18:32:54.182098,OCMCAURD-2022-000537
nubiaashley@yahoo.com,Mizzor Collection LLC*,1 (347) 302-1365,Manhattan,2023-08-13T18:32:54.182098,OCMCAURD-2022-000549
allysondobrer@gmail.com,A Cannaful Life LLC*,1 (718) 887-5143,Brooklyn,2023-08-13T18:32:54.182098,OCMCAURD-2022-000560
"Ruddyefrainsantana@gmail.co
m",Suufi Cannabis Inc*,1 (347) 310-3679,Manhattan,2023-08-13T18:32:54.182098,OCMCAURD-2022-000568
masonmello@hotmail.com,Excelsior Provisions LLC*,1 (518) 852-7015,Capital Region,2023-08-13T18:32:54.182098,OCMCAURD-2022-000569
mmpresentsthebreedsllc@gma,Green Rush 607 LLC*,1 (607) 215-3749,Southern Tier,2023-08-13T18:32:54.182098,OCMCAURD-2022-000584
cussincori@gmail.com,Cori Rodriguez*,1 (518) 533-8200,Capital Region,2023-08-13T18:32:54.182098,OCMCAURD-2022-000586
dowds333@gmail.com,Love Bud LLP*,1 (646) 229-1256,Manhattan,2023-08-13T18:32:54.182098,OCMCAURD-2022-000590
Dchincarty@gmail.com,420 Wonderland LLC*,1 (845) 764-0354,Brooklyn,2023-08-13T18:32:54.182098,OCMCAURD-2022-000599
dblair189@msn.com,Hydroman Dispensary*,1 (518) 888-2596,Capital Region,2023-08-13T18:32:54.182098,OCMCAURD-2022-000601
louisangruocco@gmail.com,LAR MEMORABILIA LLC*,1 (347) 343-0020,Queens,2023-08-13T18:32:54.182098,OCMCAURD-2022-000604
alissa@luckygreenladies.com,"Lucky Green Ladies NY, LLC*",1 (845) 325-2874,Mid-Hudson,2023-08-13T18:32:54.182098,OCMCAURD-2022-000607
Angelfigueroa62@yahoo.com,Gratitude Buds Dispensary LLC*,1 (929) 213-2717,Mid-Hudson,2023-08-13T18:32:54.182098,OCMCAURD-2022-000615
DANGELO.CHRISTINA@GMA,"718 Equity Enterprise, Inc. *",1 (347) 351-8309,Finger Lakes,2023-08-13T18:32:54.182098,OCMCAURD-2022-000617
joegiangiacomo@gmail.com,Platinum Leaf LLC*,1 (845) 807-8091,Mid-Hudson,2023-08-13T18:32:54.182098,OCMCAURD-2022-000619
FV@TheCloudFather.us,CloudFather LLC*,1 (914) 447-8878,Manhattan,2023-08-13T18:32:54.182098,OCMCAURD-2022-000621
timothyrfried@gmail.com,Storytellers New York*,1 (917) 370-2128,Manhattan,2023-08-13T18:32:54.182098,OCMCAURD-2022-000630
lennymanning@aol.com,THE WEED SHOPPE INC. *,1 (718) 490-0803,Richmond,2023-08-13T18:32:54.182098,OCMCAURD-2022-000631
tduffy@duffycorp.com,TD Fitness LLC*,1 (708) 606-0177,Long Island,2023-08-13T18:32:54.182098,OCMCAURD-2022-000642
oldchampion@icloud.com,DTCHOne LLC*,1 (347) 967-2862,Manhattan,2023-08-13T18:32:54.182098,OCMCAURD-2022-000646
christina@bloomstoneco.com,"CTNYC Partners, Inc*",1 (347) 351-8309,Manhattan,2023-08-13T18:32:54.182098,OCMCAURD-2022-000650
kubs24@aol.com,"Excelsior Cannabis, Inc. *",N/a,Capital Region,2023-08-13T18:32:54.182098,OCMCAURD-2022-000659
lyssahomes1@gmail.com,Bitar Assets Inc.*,1 (917) 374-5769,Queens,2023-08-13T18:32:54.182098,OCMCAURD-2022-000661
llcelevateddreams@gmail.com,Elevated Dreams LLC*,1 (631) 488-5128,Manhattan,2023-08-13T18:32:54.182098,OCMCAURD-2022-000662
iv1670@aol.com,Straight From The Mata*,1 (646) 509-7756,Manhattan,2023-08-13T18:32:54.182098,OCMCAURD-2022-000663
smckenzienyc@gmail.com,Five Borough Farms LLC*,1 (917) 723-0908,Manhattan,2023-08-13T18:32:54.182098,OCMCAURD-2022-000675
kevin.b@a2kelectric.com,THE HIGH LEAGUE LLC*,1 (719) 536-6509,Manhattan,2023-08-13T18:32:54.182098,OCMCAURD-2022-000678
arcadiawellnessny@gmail.com,Arcadia Wellness NY LTD*,1 (845) 519-8260,Mid-Hudson,2023-08-13T18:32:54.182098,OCMCAURD-2022-000680
cmuraco@aol.com,Fabers Arcade Inc*,1 (917) 723-3232,Manhattan,2023-08-13T18:32:54.182098,OCMCAURD-2022-000687
latinbud22@gmail.com,LATIN BUD LLC*,1 (929) 724-4168,Manhattan,2023-08-13T18:32:54.182098,OCMCAURD-2022-000700
Dkubikian@gmail.com,"Cannabis For The People, Inc. *",N/a,Capital Region,2023-08-13T18:32:54.182098,OCMCAURD-2022-000701
mikedavis0922@gmail.com,Saratoga Strange Design LLC*,1 (518) 275-1897,Capital Region,2023-08-13T18:32:54.182098,OCMCAURD-2022-000705
novolume1215@gmail.com,No Volume Records LLC*,1 (518) 227-3696,Capital Region,2023-08-13T18:32:54.182098,OCMCAURD-2022-000706
Jonahebay76@gmail.com,3JsUmiNDre LLC*,1 (312) 848-0808,Brooklyn,2023-08-13T18:32:54.182098,OCMCAURD-2022-000707
RobLimNY1979@gmail.com,Robert M Lim*,1 (516) 307-8380,Manhattan,2023-08-13T18:32:54.182098,OCMCAURD-2022-000710
kathlnnjackson@gmail.com,"Sensi Smoke, LLC*",1 (585) 369-6544,Southern Tier,2023-08-13T18:32:54.182098,OCMCAURD-2022-000712
mgranville@hometoharlem.nyc,"Harlem Grade, Inc. *",1 (212) 316-1636,Manhattan,2023-08-13T18:32:54.182098,OCMCAURD-2022-000713
ktaylor@demarcotaylorlaw.com,D'Amico Group LLC*,1 (585) 491-6950,Finger Lakes,2023-08-13T18:32:54.182098,OCMCAURD-2022-000722
nicklehousedev@gmail.com,"Nickel House Development, Inc. *",1 (716) 464-0927,Manhattan,2023-08-13T18:32:54.182098,OCMCAURD-2022-000725
monroejp15@gmail.com,Heal the Nation Inc*,1 (425) 312-5636,Manhattan,2023-08-13T18:32:54.182098,OCMCAURD-2022-000726
seaniep98@gmail.com,Frenchie Herb LLC*,1 (518) 590-3126,Capital Region,2023-08-13T18:32:54.182098,OCMCAURD-2022-000728
sednyc@hotmail.com,Disco Herbatory LLC*,1 (718) 619-7100,Manhattan,2023-08-13T18:32:54.182098,OCMCAURD-2022-000740
jorge@vsllplaw.com,82-J LLC*,1 (212) 752-8408,Western NY,2023-08-13T18:32:54.182098,OCMCAURD-2022-000751
tellaride23@gmail.com,Omar D Rabadi*,1 (914) 885-4095,Manhattan,2023-08-13T18:32:54.182098,OCMCAURD-2022-000752
pl22110llc@proton.me,PL 221.10 LLC*,1 (646) 709-6823,Manhattan,2023-08-13T18:32:54.182098,OCMCAURD-2022-000758
stephencapoziello@gmail.com,Bo's Buds LLC*,1 (631) 335-7972,Long Island,2023-08-13T18:32:54.182098,OCMCAURD-2022-000761
Jesseconeill@gmail.com,PL 221.55 LLC *,1 (646) 438-5377,Manhattan,2023-08-13T18:32:54.182098,OCMCAURD-2022-000762
cliffcmas@gmail.com,Piffords*,1 (914) 299-3570,Mid-Hudson,2023-08-13T18:32:54.182098,OCMCAURD-2022-000769
paulabreu15@gmail.com,All County Exotics LLC*,1 (917) 450-5159,Manhattan,2023-08-13T18:32:54.182098,OCMCAURD-2022-000773
J.berridge9243@gmail.com,Jonathan Berridge*,1 (914) 837-1755,Mid-Hudson,2023-08-13T18:32:54.182098,OCMCAURD-2022-000775
firexoticsllc@gmail.com,"Fire Exotics, LLC *",1 (716) 418-2109,Western NY,2023-08-13T18:32:54.182098,OCMCAURD-2022-000776
mishiyev23@gmail.com,"DeMarino's, LLC*",1 (813) 810-7475,Western NY,2023-08-13T18:32:54.182098,OCMCAURD-2022-000777
dianemhowardd@yahoo.com,"DJF Unlimited, LLC*",1 (312) 446-9339,Long Island,2023-08-13T18:32:54.182098,OCMCAURD-2022-000781
HEIDYPALMER@GMAIL.COM,Joseph A. Smith*,1 (646) 323-9735,Manhattan,2023-08-13T18:32:54.182098,OCMCAURD-2022-000792
NicoleMLucien@gmail.com,Weedish LLC*,1 (347) 420-0838,Manhattan,2023-08-13T18:32:54.182098,OCMCAURD-2022-000801
terrencemumford@yahoo.com,SONZ OF CANNABIS LLC*,1 (951) 293-8452,Manhattan,2023-08-13T18:32:54.182098,OCMCAURD-2022-000802
maur.stringer29@gmail.com,The Magi Tree LLC*,1 (781) 408-2474,Long Island,2023-08-13T18:32:54.182098,OCMCAURD-2022-000810
smaguirenyc@gmail.com,"HAPPY123NYC, LLC*",1 (347) 302-5594,Manhattan,2023-08-13T18:32:54.182098,OCMCAURD-2022-000816
jeanrl1536@gmail.com,Jean R Levasseur*,1 (347) 452-0441,Manhattan,2023-08-13T18:32:54.182098,OCMCAURD-2022-000817
Karenmtobin2@gmail.com,"Evergreen Retail 1, LLC*",1 (585) 613-1443,Finger Lakes,2023-08-13T18:32:54.182098,OCMCAURD-2022-000821
"Nathaniel.cj.simmons@gmail.c
om",Northern Lights Dispensary LLC*,1 (347) 443-7472,Long Island,2023-08-13T18:32:54.182098,OCMCAURD-2022-000837
thepremiumbud@gmail.com,The Premium Bud LLC*,1 (201) 932-0302,Manhattan,2023-08-13T18:32:54.182098,OCMCAURD-2022-000841
smsny76@yahoo.com,NYSafe 420*,1 (845) 717-0001,Mid-Hudson,2023-08-13T18:32:54.182098,OCMCAURD-2022-000849
"johnmackewich@mackewich.c
om","4081 Industries, LLC*",1 (702) 544-2662,Capital Region,2023-08-13T18:32:54.182098,OCMCAURD-2022-000856
Jacquelyn5884@yahoo.com,Bloom Dispensary LLC*,1 (518) 857-5143,Capital Region,2023-08-13T18:32:54.182098,OCMCAURD-2022-000862
lotusdispensaryllc@gmail.com,Lotus Dispensary LLC*,1 (646) 750-4681,Queens,2023-08-13T18:32:54.182098,OCMCAURD-2022-000870
john@omgcomplete.com,"WNYC II, LLC*",1 (716) 529-8433,Western NY,2023-08-13T18:32:54.182098,OCMCAURD-2022-000878
m.ramos273@gmail.com,3M Squared LLC*,1 (917) 767-3751,Manhattan,2023-08-13T18:32:54.182098,OCMCAURD-2022-000881
Nailenyb@gmail.com,Victory Dispensary LLC*,1 (917) 530-6465,Manhattan,2023-08-13T18:32:54.182098,OCMCAURD-2022-000882
jorge@vsllplaw.com,The Weed Spot LLC*,1 (212) 752-8408,Capital Region,2023-08-13T18:32:54.182098,OCMCAURD-2022-000891
