license_number,id,business_dba_name,license_type,license_status,address,business_legal_name,business_owner_name,business_structure,licensing_authority_id,licensing_authority,license_designation,license_status_date,license_term,premise_state,parcel_number,activity,issue_date,expiration_date,premise_city,premise_zip_code,business_email,business_image_url,data_refreshed_date
10008,1013002,GREEN JAR,Retail Marijuana Store,Active-Operating,"4901 E Blue Lupine dr, Bldg 2, Unit E, Wasilla, AK 99654, UNITED STATES",GREEN JAR,,,AAMCO,Alaska Alcohol and Marijuana Control Office,Adult-Use,,,AK,,,,,Bldg 2,Unit E,,,2024-03-24T22:01:20.007861
10021,1032050,"ENLIGHTEN ALASKA, LLC",Retail Marijuana Store,Active-Operating,"2600 Spenard Road, Anchorage, AK 99503, UNITED STATES","ENLIGHTEN ALASKA, LLC",,,AAMCO,Alaska Alcohol and Marijuana Control Office,Adult-Use,,,AK,,,,,Anchorage,99503,,,2024-03-24T22:01:20.007861
10037,1065302,ARCTIC HERBERY,Retail Marijuana Store,Active-Operating,"7107 Arctic Blvd, Anchorage, AK 99518, UNITED STATES",ARCTIC HERBERY,,,AAMCO,Alaska Alcohol and Marijuana Control Office,Adult-Use,,,AK,,,,,Anchorage,99518,,,2024-03-24T22:01:20.007861
10056,1032472,"RED RUN CANNABIS COMPANY, LLC",Retail Marijuana Store,Active-Operating,"5455 Kenai Spur Highway, Suite B, Kenai, AK 99611, UNITED STATES","RED RUN CANNABIS COMPANY, LLC",,,AAMCO,Alaska Alcohol and Marijuana Control Office,Adult-Use,,,AK,,,,,Suite B,Kenai,,,2024-03-24T22:01:20.007861
10057,1032309,ALASKAN CANNABIS OUTFITTERS,Retail Marijuana Store,Active-Operating,"41945 Sterling Hwy, Homer, AK 99603, UNITED STATES",ALASKAN CANNABIS OUTFITTERS,,,AAMCO,Alaska Alcohol and Marijuana Control Office,Adult-Use,,,AK,,,,,Homer,99603,,,2024-03-24T22:01:20.007861
10060,1045783,THE GREEN SPOT LLC.,Retail Marijuana Store,Active-Operating,"2893 S. BIG LAKE RD. SUITE 4, BIG LAKE, AK 99652, UNITED STATES",THE GREEN SPOT LLC.,,,AAMCO,Alaska Alcohol and Marijuana Control Office,Adult-Use,,,AK,,,,,BIG LAKE,99652,,,2024-03-24T22:01:20.007861
10094,1032729,"ALASKABUDS, LLC",Retail Marijuana Store,Active-Operating,"1005 E 5th Ave, Anchorage , AK 99501, UNITED STATES","ALASKABUDS, LLC",,,AAMCO,Alaska Alcohol and Marijuana Control Office,Adult-Use,,,AK,,,,,Anchorage ,99501,,,2024-03-24T22:01:20.007861
10097,2189904,"The Roots, Raspberry",Retail Marijuana Store,Active-Operating,"501 Raspberry Rd, Suite 101, Anchorage, AK 99518, UNITED STATES","The Roots, Raspberry",,,AAMCO,Alaska Alcohol and Marijuana Control Office,Adult-Use,,,AK,,,,,Suite 101,Anchorage,,,2024-03-24T22:01:20.007861
10113,1031886,GREAT ALASKAN BUD COMPANY,Retail Marijuana Store,Active-Operating,"1905 Livengood Ave., Fairbanks, AK 99701, UNITED STATES",GREAT ALASKAN BUD COMPANY,,,AAMCO,Alaska Alcohol and Marijuana Control Office,Adult-Use,,,AK,,,,,Fairbanks,99701,,,2024-03-24T22:01:20.007861
10131,1033032,"PAKALOLO SUPPLY COMPANY, INC.",Retail Marijuana Store,Active-Operating,"1851 Fox Avenue, Fairbanks, AK 99701, UNITED STATES","PAKALOLO SUPPLY COMPANY, INC.",,,AAMCO,Alaska Alcohol and Marijuana Control Office,Adult-Use,,,AK,,,,,Fairbanks,99701,,,2024-03-24T22:01:20.007861
10138,1019601,"NORTHERN LIGHTS INDOOR GARDENS, LLC",Retail Marijuana Store,Active-Operating,"1321 Sawmill Creek Road, Suites N, O, and P, Sitka, AK 99835, UNITED STATES","NORTHERN LIGHTS INDOOR GARDENS, LLC",,,AAMCO,Alaska Alcohol and Marijuana Control Office,Adult-Use,,,AK,,,,,Suites N,O,,,2024-03-24T22:01:20.007861
10149,1046490,"REMEDY SHOPPE, LLC",Retail Marijuana Store,Active-Operating,"307 THIRD AVENUE, Skagway, AK 99840, UNITED STATES","REMEDY SHOPPE, LLC",,,AAMCO,Alaska Alcohol and Marijuana Control Office,Adult-Use,,,AK,,,,,Skagway,99840,,,2024-03-24T22:01:20.007861
10162,1033355,THE FROST FARMS,Retail Marijuana Store,Active-Operating,"8535 Dimond D Circle, Unit B, Anchorage, AK 99515, UNITED STATES",THE FROST FARMS,,,AAMCO,Alaska Alcohol and Marijuana Control Office,Adult-Use,,,AK,,,,,Unit B,Anchorage,,,2024-03-24T22:01:20.007861
10163,1033148,THE 420,Retail Marijuana Store,Active-Operating,"307 N. Nordic Dr., Petersburg, AK 99833, UNITED STATES",THE 420,,,AAMCO,Alaska Alcohol and Marijuana Control Office,Adult-Use,,,AK,,,,,Petersburg,99833,,,2024-03-24T22:01:20.007861
10173,1032590,"HERBAL OUTFITTERS, LLC",Retail Marijuana Store,Active-Operating,"165 Fairbanks Drive, Lower Floor, Valdez, AK 99686, UNITED STATES","HERBAL OUTFITTERS, LLC",,,AAMCO,Alaska Alcohol and Marijuana Control Office,Adult-Use,,,AK,,,,,Lower Floor,Valdez,,,2024-03-24T22:01:20.007861
10190,2190228,"The Roots, Midtown",Retail Marijuana Store,Active-Operating,"360 E. INTERNATIONAL AIRPORT RD., 2A, Anchorage, AK 99518, UNITED STATES","The Roots, Midtown",,,AAMCO,Alaska Alcohol and Marijuana Control Office,Adult-Use,,,AK,,,,,2A,Anchorage,,,2024-03-24T22:01:20.007861
10200,1033845,HAPPY CANNABIS,Retail Marijuana Store,Active-Operating,"225 South Front Street, Wrangell, AK 99929, UNITED STATES",HAPPY CANNABIS,,,AAMCO,Alaska Alcohol and Marijuana Control Office,Adult-Use,,,AK,,,,,Wrangell,99929,,,2024-03-24T22:01:20.007861
10220,2114050,Weed Dudes,Retail Marijuana Store,Active-Operating,"1321 Sawmill Creek Road, Suite #J & K, Sitka, AK 99835, UNITED STATES",Weed Dudes,,,AAMCO,Alaska Alcohol and Marijuana Control Office,Adult-Use,,,AK,,,,,Suite #J & K,Sitka,,,2024-03-24T22:01:20.007861
10236,2140319,Cannabaska,Retail Marijuana Store,Active-Operating,"521 W. Tudor Road, Unit 201, Anchorage, AK 99503, UNITED STATES",Cannabaska,,,AAMCO,Alaska Alcohol and Marijuana Control Office,Adult-Use,,,AK,,,,,Unit 201,Anchorage,,,2024-03-24T22:01:20.007861
10245,2125730,Double Eagle Cannabis,Retail Marijuana Store,Active-Operating,"2042 E 3rd Avenue, Suite A, Anchorage, AK 99501, UNITED STATES",Double Eagle Cannabis,,,AAMCO,Alaska Alcohol and Marijuana Control Office,Adult-Use,,,AK,,,,,Suite A,Anchorage,,,2024-03-24T22:01:20.007861
10252,1034813,POPEYES EMPORIUM II,Retail Marijuana Store,Active-Operating,"3231 Spenard Road, Unit 1, Anchorage, AK 99503, UNITED STATES",POPEYES EMPORIUM II,,,AAMCO,Alaska Alcohol and Marijuana Control Office,Adult-Use,,,AK,,,,,Unit 1,Anchorage,,,2024-03-24T22:01:20.007861
10254,2101487,Cannabaska,Retail Marijuana Store,Active-Operating,"217 E. 4th Avenue, Suite D, Anchorage, AK 99501, UNITED STATES",Cannabaska,,,AAMCO,Alaska Alcohol and Marijuana Control Office,Adult-Use,,,AK,,,,,Suite D,Anchorage,,,2024-03-24T22:01:20.007861
10267,1015406,AM DELIGHT,Retail Marijuana Store,Active-Operating,"3902 Spenard Road, ANCHORAGE, AK 99517, UNITED STATES",AM DELIGHT,,,AAMCO,Alaska Alcohol and Marijuana Control Office,Adult-Use,,,AK,,,,,ANCHORAGE,99517,,,2024-03-24T22:01:20.007861
10273,1056442,PINE STREET CANNABIS COMPANY,Retail Marijuana Store,Active-Operating,"36130 Pine Street, Soldotna, AK 99669, UNITED STATES",PINE STREET CANNABIS COMPANY,,,AAMCO,Alaska Alcohol and Marijuana Control Office,Adult-Use,,,AK,,,,,Soldotna,99669,,,2024-03-24T22:01:20.007861
10278,1035647,GOODSINSE LLC,Retail Marijuana Store,Active-Operating,"2604 Davis rd., Fairbanks , AK 99709, UNITED STATES",GOODSINSE LLC,,,AAMCO,Alaska Alcohol and Marijuana Control Office,Adult-Use,,,AK,,,,,Fairbanks ,99709,,,2024-03-24T22:01:20.007861
10302,1036588,THE HOUSE OF GREEN,Retail Marijuana Store,Active-Operating,"3105 Minnesota Drive, Upper Level, Anchorage, AK 99503, UNITED STATES",THE HOUSE OF GREEN,,,AAMCO,Alaska Alcohol and Marijuana Control Office,Adult-Use,,,AK,,,,,Upper Level,Anchorage,,,2024-03-24T22:01:20.007861
10306,1036765,"DANKORAGE, LLC",Retail Marijuana Store,Active-Operating,"2812 Spenard Road, Anchorage, AK 99503, UNITED STATES","DANKORAGE, LLC",,,AAMCO,Alaska Alcohol and Marijuana Control Office,Adult-Use,,,AK,,,,,Anchorage,99503,,,2024-03-24T22:01:20.007861
10316,1036888,DENALI 420 RECREATIONALS,Retail Marijuana Store,Active-Operating,"2876 N. Rex Road, Houston, AK 99694, UNITED STATES",DENALI 420 RECREATIONALS,,,AAMCO,Alaska Alcohol and Marijuana Control Office,Adult-Use,,,AK,,,,,Houston,99694,,,2024-03-24T22:01:20.007861
10577,1032890,"ALASKAN LEAF, LLC",Retail Marijuana Store,Active-Operating,"1211 West 36th Avenue, Suite A, Anchorage, AK 99503, UNITED STATES","ALASKAN LEAF, LLC",,,AAMCO,Alaska Alcohol and Marijuana Control Office,Adult-Use,,,AK,,,,,Suite A,Anchorage,,,2024-03-24T22:01:20.007861
10589,1038024,NATURES RELEAF LLC,Retail Marijuana Store,Active-Operating,"503 7th. Avenue, Fairbanks, AK 99701, UNITED STATES",NATURES RELEAF LLC,,,AAMCO,Alaska Alcohol and Marijuana Control Office,Adult-Use,,,AK,,,,,Fairbanks,99701,,,2024-03-24T22:01:20.007861
10590,2112346,Cannabis Corner,Retail Marijuana Store,Active-Operating,"9735 Mud Bay Rd, Ketchikan, AK 99901, UNITED STATES",Cannabis Corner,,,AAMCO,Alaska Alcohol and Marijuana Control Office,Adult-Use,,,AK,,,,,Ketchikan,99901,,,2024-03-24T22:01:20.007861
10646,1032773,THE GREEN ROOM AK,Retail Marijuana Store,Active-Operating,"610 C St. #A7, Anchorage, AK 99501, UNITED STATES",THE GREEN ROOM AK,,,AAMCO,Alaska Alcohol and Marijuana Control Office,Adult-Use,,,AK,,,,,Anchorage,99501,,,2024-03-24T22:01:20.007861
10648,1038791,UNCLE HERB'S,Retail Marijuana Store,Active-Operating,"6511 Arctic Spur Rd., Anchorage, AK 99518, UNITED STATES",UNCLE HERB'S,,,AAMCO,Alaska Alcohol and Marijuana Control Office,Adult-Use,,,AK,,,,,Anchorage,99518,,,2024-03-24T22:01:20.007861
10800,1034839,THE FIREWEED FACTORY LLC,Retail Marijuana Store,Active-Operating,"237 Front St. Juneau, Juneau, AK 99801, UNITED STATES",THE FIREWEED FACTORY LLC,,,AAMCO,Alaska Alcohol and Marijuana Control Office,Adult-Use,,,AK,,,,,Juneau,99801,,,2024-03-24T22:01:20.007861
10831,1036025,HIGH BUSH BUDS,Retail Marijuana Store,Active-Operating,"36312 Irons Ave., Suite 2, Soldotna, AK 99669, UNITED STATES",HIGH BUSH BUDS,,,AAMCO,Alaska Alcohol and Marijuana Control Office,Adult-Use,,,AK,,,,,Suite 2,Soldotna,,,2024-03-24T22:01:20.007861
10837,2190193,"The Roots, Hillside",Retail Marijuana Store,Active-Operating,"8639 Toloff St., Suite 1, Anchorage, AK 99507, UNITED STATES","The Roots, Hillside",,,AAMCO,Alaska Alcohol and Marijuana Control Office,Adult-Use,,,AK,,,,,Suite 1,Anchorage,,,2024-03-24T22:01:20.007861
10844,1036860,"GREEN ELEPHANT, LLC",Retail Marijuana Store,Active-Operating,"101 Mill St., Suite B, Juneau, AK 99801, UNITED STATES","GREEN ELEPHANT, LLC",,,AAMCO,Alaska Alcohol and Marijuana Control Office,Adult-Use,,,AK,,,,,Suite B,Juneau,,,2024-03-24T22:01:20.007861
10866,1034759,AK FROST,Retail Marijuana Store,Active-Operating,"5200 A Street, Suite 102, Anchorage, AK 99518, UNITED STATES",AK FROST,,,AAMCO,Alaska Alcohol and Marijuana Control Office,Adult-Use,,,AK,,,,,Suite 102,Anchorage,,,2024-03-24T22:01:20.007861
10869,1040267,GRASS STATION 49,Retail Marijuana Store,Active-Operating,"1326 Cushman St., Fairbanks, AK 99701, UNITED STATES",GRASS STATION 49,,,AAMCO,Alaska Alcohol and Marijuana Control Office,Adult-Use,,,AK,,,,,Fairbanks,99701,,,2024-03-24T22:01:20.007861
10873,1040109,THE STONEY MOOSE,Retail Marijuana Store,Active-Operating,"127 Stedman St., Ketchikan, AK 99901, UNITED STATES",THE STONEY MOOSE,,,AAMCO,Alaska Alcohol and Marijuana Control Office,Adult-Use,,,AK,,,,,Ketchikan,99901,,,2024-03-24T22:01:20.007861
10883,2130116,Rainforest Cannabis,Retail Marijuana Store,Active-Operating,"726 Water Street, Ketchikan, AK 99901, UNITED STATES",Rainforest Cannabis,,,AAMCO,Alaska Alcohol and Marijuana Control Office,Adult-Use,,,AK,,,,,Ketchikan,99901,,,2024-03-24T22:01:20.007861
10890,2188534,True North Cannabis,Retail Marijuana Store,Active-Operating,"735 W. 4th Ave., Anchorage, AK 99501, UNITED STATES",True North Cannabis,,,AAMCO,Alaska Alcohol and Marijuana Control Office,Adult-Use,,,AK,,,,,Anchorage,99501,,,2024-03-24T22:01:20.007861
10901,1040691,THE HIGH EXPEDITION COMPANY,Retail Marijuana Store,Active-Operating,"13465 E Main St., Talkeetna, AK 99676, UNITED STATES",THE HIGH EXPEDITION COMPANY,,,AAMCO,Alaska Alcohol and Marijuana Control Office,Adult-Use,,,AK,,,,,Talkeetna,99676,,,2024-03-24T22:01:20.007861
11000,1041064,CHENA CANNABIS,Retail Marijuana Store,Active-Operating,"1725 Richardson Highway, Suite 101, North Pole, AK 99705, UNITED STATES",CHENA CANNABIS,,,AAMCO,Alaska Alcohol and Marijuana Control Office,Adult-Use,,,AK,,,,,Suite 101,North Pole,,,2024-03-24T22:01:20.007861
11050,1041697,HOUSTON GRASS STATION LLC,Retail Marijuana Store,Active-Operating,"15231 W Parks Hwy, Houston, AK 99694, UNITED STATES",HOUSTON GRASS STATION LLC,,,AAMCO,Alaska Alcohol and Marijuana Control Office,Adult-Use,,,AK,,,,,Houston,99694,,,2024-03-24T22:01:20.007861
11053,1041822,TRUE DANK,Retail Marijuana Store,Active-Operating,"1550 Cushman, Suite A, Fairbanks, AK 99701, UNITED STATES",TRUE DANK,,,AAMCO,Alaska Alcohol and Marijuana Control Office,Adult-Use,,,AK,,,,,Suite A,Fairbanks,,,2024-03-24T22:01:20.007861
11119,2129663,Alaskan Grown Cannabis,Retail Marijuana Store,Active-Operating,"303-C West E. Street, Nome, AK 99762, UNITED STATES",Alaskan Grown Cannabis,,,AAMCO,Alaska Alcohol and Marijuana Control Office,Adult-Use,,,AK,,,,,Nome,99762,,,2024-03-24T22:01:20.007861
11121,1042680,"BAD GRAMM3R, LLC",Retail Marijuana Store,Active-Operating,"1150 N Helen Lane, Wasilla, AK 99654, UNITED STATES","BAD GRAMM3R, LLC",,,AAMCO,Alaska Alcohol and Marijuana Control Office,Adult-Use,,,AK,,,,,Wasilla,99654,,,2024-03-24T22:01:20.007861
11140,1042820,"FAT TOPS, LLC.",Retail Marijuana Store,Active-Operating,"36380 Murray Lane, Soldotna, AK 99669, UNITED STATES","FAT TOPS, LLC.",,,AAMCO,Alaska Alcohol and Marijuana Control Office,Adult-Use,,,AK,,,,,Soldotna,99669,,,2024-03-24T22:01:20.007861
11198,1043398,ONE HIT WONDER,Retail Marijuana Store,Active-Operating,"3025 Parks Hwy, Suite 1, Fairbanks, AK 99709, UNITED STATES",ONE HIT WONDER,,,AAMCO,Alaska Alcohol and Marijuana Control Office,Adult-Use,,,AK,,,,,Suite 1,Fairbanks,,,2024-03-24T22:01:20.007861
11303,1044171,HOLLYWEED 907,Retail Marijuana Store,Active-Operating,"2429 E. 88th Ave, Anchorage, AK 99507, UNITED STATES",HOLLYWEED 907,,,AAMCO,Alaska Alcohol and Marijuana Control Office,Adult-Use,,,AK,,,,,Anchorage,99507,,,2024-03-24T22:01:20.007861
11382,1030318,DENALI'S CANNABIS CACHE LLC,Retail Marijuana Store,Active-Operating,"M.M. 238.9 George Parks HWY., Suite 420, Denali National Park, AK 99755, UNITED STATES",DENALI'S CANNABIS CACHE LLC,,,AAMCO,Alaska Alcohol and Marijuana Control Office,Adult-Use,,,AK,,,,,Suite 420,Denali National Park,,,2024-03-24T22:01:20.007861
11411,1044156,"DENALI DISPENSARIES, LLC",Retail Marijuana Store,Active-Operating,"225 E 5th Ave, Anchorage, AK 99501, UNITED STATES","DENALI DISPENSARIES, LLC",,,AAMCO,Alaska Alcohol and Marijuana Control Office,Adult-Use,,,AK,,,,,Anchorage,99501,,,2024-03-24T22:01:20.007861
11509,1033200,PERMAFROST DISTRIBUTORS,Retail Marijuana Store,Active-Operating,"32630 June Dr., Sterling, AK 99672, UNITED STATES",PERMAFROST DISTRIBUTORS,,,AAMCO,Alaska Alcohol and Marijuana Control Office,Adult-Use,,,AK,,,,,Sterling,99672,,,2024-03-24T22:01:20.007861
11547,1087372,CLOUDBERRY CANNABIS,Retail Marijuana Store,Active-Operating,"3307 Spenard Road, Anchorage, AK 99503, UNITED STATES",CLOUDBERRY CANNABIS,,,AAMCO,Alaska Alcohol and Marijuana Control Office,Adult-Use,,,AK,,,,,Anchorage,99503,,,2024-03-24T22:01:20.007861
11614,1051872,AK JOINT,Retail Marijuana Store,Active-Operating,"7801 Schoon St, Unit F, Anchorage, AK 99518, UNITED STATES",AK JOINT,,,AAMCO,Alaska Alcohol and Marijuana Control Office,Adult-Use,,,AK,,,,,Unit F,Anchorage,,,2024-03-24T22:01:20.007861
11638,2092987,Catalyst Cannabis Company,Retail Marijuana Store,Active-Operating,"9900 Old Seward Highway, #4, Anchorage, AK 99515, UNITED STATES",Catalyst Cannabis Company,,,AAMCO,Alaska Alcohol and Marijuana Control Office,Adult-Use,,,AK,,,,,#4,Anchorage,,,2024-03-24T22:01:20.007861
11731,1062162,SCORPION GRASS,Retail Marijuana Store,Active-Operating,"1551 E Tudor Road, Anchorage, AK 99507, UNITED STATES",SCORPION GRASS,,,AAMCO,Alaska Alcohol and Marijuana Control Office,Adult-Use,,,AK,,,,,Anchorage,99507,,,2024-03-24T22:01:20.007861
11927,1041284,GREEN LIFE SUPPLY LLC,Retail Marijuana Store,Active-Operating,"511 30th ave., Fairbanks, AK 99701, UNITED STATES",GREEN LIFE SUPPLY LLC,,,AAMCO,Alaska Alcohol and Marijuana Control Office,Adult-Use,,,AK,,,,,Fairbanks,99701,,,2024-03-24T22:01:20.007861
11966,1065429,GREAT NORTHERN CANNABIS,Retail Marijuana Store,Active-Operating,"541 W. 4th Ave., Anchorage, AK 99501, UNITED STATES",GREAT NORTHERN CANNABIS,,,AAMCO,Alaska Alcohol and Marijuana Control Office,Adult-Use,,,AK,,,,,Anchorage,99501,,,2024-03-24T22:01:20.007861
12023,1078259,GREEN DEGREE,Retail Marijuana Store,Active-Operating,"3361 W Machen Rd, Retail Space, Wasilla, AK 99623, UNITED STATES",GREEN DEGREE,,,AAMCO,Alaska Alcohol and Marijuana Control Office,Adult-Use,,,AK,,,,,Retail Space,Wasilla,,,2024-03-24T22:01:20.007861
12316,1050006,"ANCHORAGE BOWL, LLC.",Retail Marijuana Store,Active-Operating,"4000 Spenard Road, Anchorage, AK 99517, UNITED STATES","ANCHORAGE BOWL, LLC.",,,AAMCO,Alaska Alcohol and Marijuana Control Office,Adult-Use,,,AK,,,,,Anchorage,99517,,,2024-03-24T22:01:20.007861
12325,2115560,GOOD Cannabis,Retail Marijuana Store,Active-Operating,"356 Old Steese Hwy, Fairbanks, AK 99701, UNITED STATES",GOOD Cannabis,,,AAMCO,Alaska Alcohol and Marijuana Control Office,Adult-Use,,,AK,,,,,Fairbanks,99701,,,2024-03-24T22:01:20.007861
12437,1038961,"ALASKA CANNABIS EXCHANGE, LLC",Retail Marijuana Store,Active-Operating,"2906 SPENARD ROAD, ANCHORAGE, AK 99503, UNITED STATES","ALASKA CANNABIS EXCHANGE, LLC",,,AAMCO,Alaska Alcohol and Marijuana Control Office,Adult-Use,,,AK,,,,,ANCHORAGE,99503,,,2024-03-24T22:01:20.007861
12635,1033365,GREEN DEGREE,Retail Marijuana Store,Active-Operating,"13856 N. GLENN HWY, (Northern Portion of the Building), SUTTON, AK 99674, UNITED STATES",GREEN DEGREE,,,AAMCO,Alaska Alcohol and Marijuana Control Office,Adult-Use,,,AK,,,,,(Northern Portion of the Building),SUTTON,,,2024-03-24T22:01:20.007861
12768,1052541,SECRET GARDEN CANNABIS,Retail Marijuana Store,Active-Operating,"726 E. 15th AVE, Suite 1, Anchorage, AK 99501, UNITED STATES",SECRET GARDEN CANNABIS,,,AAMCO,Alaska Alcohol and Marijuana Control Office,Adult-Use,,,AK,,,,,Suite 1,Anchorage,,,2024-03-24T22:01:20.007861
12866,1038791,UNCLE HERB'S,Retail Marijuana Store,Active-Operating,"1213 Ocean Drive, Unit 2, Homer, AK 99603, UNITED STATES",UNCLE HERB'S,,,AAMCO,Alaska Alcohol and Marijuana Control Office,Adult-Use,,,AK,,,,,Unit 2,Homer,,,2024-03-24T22:01:20.007861
12956,1040267,GRASS STATION 49,Retail Marijuana Store,Active-Operating,"665 Rainbow Drive, Fairbanks, AK 99712, UNITED STATES",GRASS STATION 49,,,AAMCO,Alaska Alcohol and Marijuana Control Office,Adult-Use,,,AK,,,,,Fairbanks,99712,,,2024-03-24T22:01:20.007861
13119,1051864,REBEL ROOTS LLC,Retail Marijuana Store,Active-Operating,"2575 Goldstream Road, Fairbanks, AK 99709, UNITED STATES",REBEL ROOTS LLC,,,AAMCO,Alaska Alcohol and Marijuana Control Office,Adult-Use,,,AK,,,,,Fairbanks,99709,,,2024-03-24T22:01:20.007861
13217,1047535,GLACIER VALLEY SHOP,Retail Marijuana Store,Active-Operating,"8505 Old Dairy Road, Suite 1, Juneau, AK 99801, UNITED STATES",GLACIER VALLEY SHOP,,,AAMCO,Alaska Alcohol and Marijuana Control Office,Adult-Use,,,AK,,,,,Suite 1,Juneau,,,2024-03-24T22:01:20.007861
13279,1054744,THE MASON JAR LLC,Retail Marijuana Store,Active-Operating,"2771 sherwood Lane, Unit E, Juneau, AK 99801, UNITED STATES",THE MASON JAR LLC,,,AAMCO,Alaska Alcohol and Marijuana Control Office,Adult-Use,,,AK,,,,,Unit E,Juneau,,,2024-03-24T22:01:20.007861
13382,1054904,EAST RIP,Retail Marijuana Store,Active-Operating,"10767 KENAI SPUR HWY, SUITE D, KENAI, AK 99611, UNITED STATES",EAST RIP,,,AAMCO,Alaska Alcohol and Marijuana Control Office,Adult-Use,,,AK,,,,,SUITE D,KENAI,,,2024-03-24T22:01:20.007861
14083,2089241,Alaska Weeds,Retail Marijuana Store,Active-Operating,"6209 Mike St., Suite 2A, Anchorage, AK 99518, UNITED STATES",Alaska Weeds,,,AAMCO,Alaska Alcohol and Marijuana Control Office,Adult-Use,,,AK,,,,,Suite 2A,Anchorage,,,2024-03-24T22:01:20.007861
14200,2091163,Matanuska Cannabis Company,Retail Marijuana Store,Active-Operating,"3550 S. Old Glenn Highway, Palmer, AK 99645, UNITED STATES",Matanuska Cannabis Company,,,AAMCO,Alaska Alcohol and Marijuana Control Office,Adult-Use,,,AK,,,,,Palmer,99645,,,2024-03-24T22:01:20.007861
14359,1039577,"TIP TOP, LLC",Retail Marijuana Store,Active-Operating,"233 E. 5th Avenue, Suite 1, Anchorage, AK 99501, UNITED STATES","TIP TOP, LLC",,,AAMCO,Alaska Alcohol and Marijuana Control Office,Adult-Use,,,AK,,,,,Suite 1,Anchorage,,,2024-03-24T22:01:20.007861
15019,1058469,THE TREE HOUSE AK,Retail Marijuana Store,Active-Operating,"341-d Boniface PKWY, Anchorage, AK 99504, UNITED STATES",THE TREE HOUSE AK,,,AAMCO,Alaska Alcohol and Marijuana Control Office,Adult-Use,,,AK,,,,,Anchorage,99504,,,2024-03-24T22:01:20.007861
15061,1060238,WINTER GREENS LLC,Retail Marijuana Store,Active-Operating,"75 beach road, haines, AK 99827, UNITED STATES",WINTER GREENS LLC,,,AAMCO,Alaska Alcohol and Marijuana Control Office,Adult-Use,,,AK,,,,,haines,99827,,,2024-03-24T22:01:20.007861
15246,1060209,THUNDER CLOUD 9,Retail Marijuana Store,Active-Operating,"5310 COMMERCIAL BLVD, 2B, Juneau, AK 99801, UNITED STATES",THUNDER CLOUD 9,,,AAMCO,Alaska Alcohol and Marijuana Control Office,Adult-Use,,,AK,,,,,2B,Juneau,,,2024-03-24T22:01:20.007861
15393,1037289,MAJESTIC GARDENS LLC,Retail Marijuana Store,Active-Operating,"12656 Kenai Spur Hwy, Kenai, AK 99611, UNITED STATES",MAJESTIC GARDENS LLC,,,AAMCO,Alaska Alcohol and Marijuana Control Office,Adult-Use,,,AK,,,,,Kenai,99611,,,2024-03-24T22:01:20.007861
15788,1062162,SCORPION GRASS,Retail Marijuana Store,Active-Operating,"266 S. McCallister Dr., Suite 1, Wasilla, AK 99654, UNITED STATES",SCORPION GRASS,,,AAMCO,Alaska Alcohol and Marijuana Control Office,Adult-Use,,,AK,,,,,Suite 1,Wasilla,,,2024-03-24T22:01:20.007861
15814,1033939,"TANANA HERB COMPANY, LLC",Retail Marijuana Store,Active-Operating,"1200 Well Street, Fairbanks, AK 99701, UNITED STATES","TANANA HERB COMPANY, LLC",,,AAMCO,Alaska Alcohol and Marijuana Control Office,Adult-Use,,,AK,,,,,Fairbanks,99701,,,2024-03-24T22:01:20.007861
15916,2099269,K Beach Reef,Retail Marijuana Store,Active-Operating,"42106 Kalifornsky Beach Road, (Log cabin on SE portion nearest highway), Soldotna, AK 99669, UNITED STATES",K Beach Reef,,,AAMCO,Alaska Alcohol and Marijuana Control Office,Adult-Use,,,AK,,,,,(Log cabin on SE portion nearest highway),Soldotna,,,2024-03-24T22:01:20.007861
16184,1063483,THEE TREASURE CHEST LLC.,Retail Marijuana Store,Active-Operating,"1000 Water St., Craig, AK 99921, UNITED STATES",THEE TREASURE CHEST LLC.,,,AAMCO,Alaska Alcohol and Marijuana Control Office,Adult-Use,,,AK,,,,,Craig,99921,,,2024-03-24T22:01:20.007861
16213,1063457,ALASKAN KUSH COMPANY,Retail Marijuana Store,Active-Operating,"159 S Franklin St, Juneau, AK 99801, UNITED STATES",ALASKAN KUSH COMPANY,,,AAMCO,Alaska Alcohol and Marijuana Control Office,Adult-Use,,,AK,,,,,Juneau,99801,,,2024-03-24T22:01:20.007861
16529,1065154,GOOD BUDS LLC,Retail Marijuana Store,Active-Operating,"11770 Seward highway Suite 2, Seward, AK 99664, UNITED STATES",GOOD BUDS LLC,,,AAMCO,Alaska Alcohol and Marijuana Control Office,Adult-Use,,,AK,,,,,Seward,99664,,,2024-03-24T22:01:20.007861
16579,1040267,GRASS STATION 49,Retail Marijuana Store,Active-Pending Inspection,"2502 Parks Highway, Fairbanks, AK 99709, UNITED STATES",GRASS STATION 49,,,AAMCO,Alaska Alcohol and Marijuana Control Office,Adult-Use,,,AK,,,,,Fairbanks,99709,,,2024-03-24T22:01:20.007861
16610,1065429,GREAT NORTHERN CANNABIS,Retail Marijuana Store,Active-Operating,"1901 W. Dimond Blvd., Anchorage, AK 99515, UNITED STATES",GREAT NORTHERN CANNABIS,,,AAMCO,Alaska Alcohol and Marijuana Control Office,Adult-Use,,,AK,,,,,Anchorage,99515,,,2024-03-24T22:01:20.007861
16915,1066517,BRISTOL BAY BUD COMPANY,Retail Marijuana Store,Active-Operating,"233 Airport Road, Dillingham, AK 99576, UNITED STATES",BRISTOL BAY BUD COMPANY,,,AAMCO,Alaska Alcohol and Marijuana Control Office,Adult-Use,,,AK,,,,,Dillingham,99576,,,2024-03-24T22:01:20.007861
17068,1067444,OUTPOST,Retail Marijuana Store,Active-Operating,"1044 S. Old Glenn Hwy (Cabin), Palmer, AK 99645, UNITED STATES",OUTPOST,,,AAMCO,Alaska Alcohol and Marijuana Control Office,Adult-Use,,,AK,,,,,Palmer,99645,,,2024-03-24T22:01:20.007861
17077,1040267,GRASS STATION 49,Retail Marijuana Store,Active-Operating,"223 Front Street, Suite B., Nome, AK 99762, UNITED STATES",GRASS STATION 49,,,AAMCO,Alaska Alcohol and Marijuana Control Office,Adult-Use,,,AK,,,,,Suite B.,Nome,,,2024-03-24T22:01:20.007861
17176,1067892,STATE OF MIND CANNABIS COMPANY,Retail Marijuana Store,Active-Pending Inspection,"33508 LINCOLN AVENUE, #C, Seward, AK 99664, UNITED STATES",STATE OF MIND CANNABIS COMPANY,,,AAMCO,Alaska Alcohol and Marijuana Control Office,Adult-Use,,,AK,,,,,#C,Seward,,,2024-03-24T22:01:20.007861
17204,2191819,WORNER BROTHERS OUTPOST,Retail Marijuana Store,Active-Operating,"50110 Sterling Hwy, Soldotna, AK 99669, UNITED STATES",WORNER BROTHERS OUTPOST,,,AAMCO,Alaska Alcohol and Marijuana Control Office,Adult-Use,,,AK,,,,,Soldotna,99669,,,2024-03-24T22:01:20.007861
17250,2086134,Pipe and Leaf: Premium Alaskan Cannabis,Retail Marijuana Store,Active-Operating,"3546 Airport Way, Fairbanks, AK 99709, UNITED STATES",Pipe and Leaf: Premium Alaskan Cannabis,,,AAMCO,Alaska Alcohol and Marijuana Control Office,Adult-Use,,,AK,,,,,Fairbanks,99709,,,2024-03-24T22:01:20.007861
17480,1069211,"TUNDRA HERB COMPANY, LLC",Retail Marijuana Store,Active-Operating,"520 W. 6th Ave, Suite A, Anchorage, AK 99501, UNITED STATES","TUNDRA HERB COMPANY, LLC",,,AAMCO,Alaska Alcohol and Marijuana Control Office,Adult-Use,,,AK,,,,,Suite A,Anchorage,,,2024-03-24T22:01:20.007861
17758,1064577,THE TUFTED PUFFIN LLC,Retail Marijuana Store,Active-Operating,"216 4th Ave. Unit 2, Seward, AK 99664, UNITED STATES",THE TUFTED PUFFIN LLC,,,AAMCO,Alaska Alcohol and Marijuana Control Office,Adult-Use,,,AK,,,,,Seward,99664,,,2024-03-24T22:01:20.007861
17764,1070263,ALASKAN GROWN CANNABIS,Retail Marijuana Store,Active-Operating,"585A 3rd Ave., Kotzebue, AK 99752, UNITED STATES",ALASKAN GROWN CANNABIS,,,AAMCO,Alaska Alcohol and Marijuana Control Office,Adult-Use,,,AK,,,,,Kotzebue,99752,,,2024-03-24T22:01:20.007861
17808,1069832,KENAI RIVER CANNABIS,Retail Marijuana Store,Active-Operating,"14429 Kenai Spur Highway, Kenai, AK 99611, UNITED STATES",KENAI RIVER CANNABIS,,,AAMCO,Alaska Alcohol and Marijuana Control Office,Adult-Use,,,AK,,,,,Kenai,99611,,,2024-03-24T22:01:20.007861
18117,1070934,MARYJANE'S CANNABIS EMPORIUM,Retail Marijuana Store,Active-Operating,"8857 Jewel Lake Road, Anchorage, AK 99502, UNITED STATES",MARYJANE'S CANNABIS EMPORIUM,,,AAMCO,Alaska Alcohol and Marijuana Control Office,Adult-Use,,,AK,,,,,Anchorage,99502,,,2024-03-24T22:01:20.007861
18545,1067691,NOME GROWN LLC,Retail Marijuana Store,Active-Operating,"605 W. 2nd. Ave., NOME, AK 99762, UNITED STATES",NOME GROWN LLC,,,AAMCO,Alaska Alcohol and Marijuana Control Office,Adult-Use,,,AK,,,,,NOME,99762,,,2024-03-24T22:01:20.007861
18702,1093108,COLD CITY CANNABIS,Retail Marijuana Store,Active-Operating,"1210 E 70th Ave., #1, Anchorage, AK 99518, UNITED STATES",COLD CITY CANNABIS,,,AAMCO,Alaska Alcohol and Marijuana Control Office,Adult-Use,,,AK,,,,,#1,Anchorage,,,2024-03-24T22:01:20.007861
18735,1032729,"ALASKABUDS, LLC",Retail Marijuana Store,Active-Operating,"660 Third Ave, Suite B, Bethel, AK 99559, UNITED STATES","ALASKABUDS, LLC",,,AAMCO,Alaska Alcohol and Marijuana Control Office,Adult-Use,,,AK,,,,,Suite B,Bethel,,,2024-03-24T22:01:20.007861
18929,1082271,ALASKA CANNABIS COMPANY,Retail Marijuana Store,Active-Operating,"43280 Kenai Spur Highway, Unit E, Nikiski, AK 99635, UNITED STATES",ALASKA CANNABIS COMPANY,,,AAMCO,Alaska Alcohol and Marijuana Control Office,Adult-Use,,,AK,,,,,Unit E,Nikiski,,,2024-03-24T22:01:20.007861
19178,1077356,"HIGHER BY BAD GRAMM3R, LLC",Retail Marijuana Store,Active-Operating,"1204 N. Hyer Spur Road, Palmer, AK 99645, UNITED STATES","HIGHER BY BAD GRAMM3R, LLC",,,AAMCO,Alaska Alcohol and Marijuana Control Office,Adult-Use,,,AK,,,,,Palmer,99645,,,2024-03-24T22:01:20.007861
19277,1078189,THE HERBAL CACHE LLC,Retail Marijuana Store,Active-Operating,"158 Holmgren Place Suite 101, Girdwood, AK 99587, UNITED STATES",THE HERBAL CACHE LLC,,,AAMCO,Alaska Alcohol and Marijuana Control Office,Adult-Use,,,AK,,,,,Girdwood,99587,,,2024-03-24T22:01:20.007861
19300,1056442,PINE STREET CANNABIS COMPANY,Retail Marijuana Store,Active-Operating,"139 Warehouse Drive, Suite B, Soldotna, AK 99669, UNITED STATES",PINE STREET CANNABIS COMPANY,,,AAMCO,Alaska Alcohol and Marijuana Control Office,Adult-Use,,,AK,,,,,Suite B,Soldotna,,,2024-03-24T22:01:20.007861
19658,1088016,DEJAVU CANNABIS COMPANY,Retail Marijuana Store,Active-Operating,"11676 west rezanof drive, Kodiak, AK 99615, UNITED STATES",DEJAVU CANNABIS COMPANY,,,AAMCO,Alaska Alcohol and Marijuana Control Office,Adult-Use,,,AK,,,,,Kodiak,99615,,,2024-03-24T22:01:20.007861
19834,2188687,Coldsmoke,Retail Marijuana Store,Active-Operating,"840 KALIFORNSKY BEACH RD, SUITE B, SOLDOTNA, AK 99669, UNITED STATES",Coldsmoke,,,AAMCO,Alaska Alcohol and Marijuana Control Office,Adult-Use,,,AK,,,,,SUITE B,SOLDOTNA,,,2024-03-24T22:01:20.007861
19898,2098780,AKO FARMS DIRECT,Retail Marijuana Store,Active-Operating,"1210 Beardslee Way, Sitka, AK 99835, UNITED STATES",AKO FARMS DIRECT,,,AAMCO,Alaska Alcohol and Marijuana Control Office,Adult-Use,,,AK,,,,,Sitka,99835,,,2024-03-24T22:01:20.007861
20113,1093390,"HIGH RISE, LLC",Retail Marijuana Store,Active-Operating,"104 Center Ave., Suite 102, Kodiak, AK 99615, UNITED STATES","HIGH RISE, LLC",,,AAMCO,Alaska Alcohol and Marijuana Control Office,Adult-Use,,,AK,,,,,Suite 102,Kodiak,,,2024-03-24T22:01:20.007861
20151,2090055,Canna Get Happy LLC,Retail Marijuana Store,Active-Operating,"810 E. 6th Avenue, Anchorage, AK 99501, UNITED STATES",Canna Get Happy LLC,,,AAMCO,Alaska Alcohol and Marijuana Control Office,Adult-Use,,,AK,,,,,Anchorage,99501,,,2024-03-24T22:01:20.007861
20221,2100881,Denali Grass Company,Retail Marijuana Store,Active-Operating,"Milepost 248.5 Parks Highway, Suite A, Healy, AK 99743, UNITED STATES",Denali Grass Company,,,AAMCO,Alaska Alcohol and Marijuana Control Office,Adult-Use,,,AK,,,,,Suite A,Healy,,,2024-03-24T22:01:20.007861
20366,1065429,GREAT NORTHERN CANNABIS,Retail Marijuana Store,Active-Operating,"2600 E. Tudor Rd., Anchorage, AK 99507, UNITED STATES",GREAT NORTHERN CANNABIS,,,AAMCO,Alaska Alcohol and Marijuana Control Office,Adult-Use,,,AK,,,,,Anchorage,99507,,,2024-03-24T22:01:20.007861
20561,1108077,BADGER BUDS LLC,Retail Marijuana Store,Active-Operating,"2008 Levado Ave. Unit A, North Pole, AK 99705, UNITED STATES",BADGER BUDS LLC,,,AAMCO,Alaska Alcohol and Marijuana Control Office,Adult-Use,,,AK,,,,,North Pole,99705,,,2024-03-24T22:01:20.007861
20827,1040494,GOOD TITRATIONS,Retail Marijuana Store,Active-Operating,"506 Merhar Ave, Fairbanks, AK 99701, UNITED STATES",GOOD TITRATIONS,,,AAMCO,Alaska Alcohol and Marijuana Control Office,Adult-Use,,,AK,,,,,Fairbanks,99701,,,2024-03-24T22:01:20.007861
20865,1038791,UNCLE HERB'S,Retail Marijuana Store,Active-Operating,"360 Boniface Pkwy, A2,A3,A4, Anchorage, AK 99504, UNITED STATES",UNCLE HERB'S,,,AAMCO,Alaska Alcohol and Marijuana Control Office,Adult-Use,,,AK,,,,,"A2,A3,A4",Anchorage,,,2024-03-24T22:01:20.007861
20983,2083324,King Street Cannabis Co,Retail Marijuana Store,Active-Operating,"8430 Laviento Drive, Suite A, Anchorage, AK 99515, UNITED STATES",King Street Cannabis Co,,,AAMCO,Alaska Alcohol and Marijuana Control Office,Adult-Use,,,AK,,,,,Suite A,Anchorage,,,2024-03-24T22:01:20.007861
21069,2083424,Wildflower,Retail Marijuana Store,Active-Operating,"158 Alimaq Dr, Kodiak, AK 99615, UNITED STATES",Wildflower,,,AAMCO,Alaska Alcohol and Marijuana Control Office,Adult-Use,,,AK,,,,,Kodiak,99615,,,2024-03-24T22:01:20.007861
21170,2084402,Green Zone,Retail Marijuana Store,Active-Operating,"543 Bison St, Kotzebue, AK 99762, UNITED STATES",Green Zone,,,AAMCO,Alaska Alcohol and Marijuana Control Office,Adult-Use,,,AK,,,,,Kotzebue,99762,,,2024-03-24T22:01:20.007861
21227,2084675,Kusko Kush,Retail Marijuana Store,Active-Operating,"781 3rd Avenue, Bethel, AK 99559, UNITED STATES",Kusko Kush,,,AAMCO,Alaska Alcohol and Marijuana Control Office,Adult-Use,,,AK,,,,,Bethel,99559,,,2024-03-24T22:01:20.007861
21417,2111543,Cosmic Cannabis Company,Retail Marijuana Store,Active-Operating,"261 East Bunnell Ave, Homer, AK 99603, UNITED STATES",Cosmic Cannabis Company,,,AAMCO,Alaska Alcohol and Marijuana Control Office,Adult-Use,,,AK,,,,,Homer,99603,,,2024-03-24T22:01:20.007861
21619,2092852,Laughing salmon,Retail Marijuana Store,Active-Operating,"173 N Rosie Circle #1, Wasilla, AK 99654, UNITED STATES",Laughing salmon,,,AAMCO,Alaska Alcohol and Marijuana Control Office,Adult-Use,,,AK,,,,,Wasilla,99654,,,2024-03-24T22:01:20.007861
21724,2087306,The Red Light District,Retail Marijuana Store,Active-Operating,"407 E Northern Lights Blvd, 1A, Anchorage, AK 99503, UNITED STATES",The Red Light District,,,AAMCO,Alaska Alcohol and Marijuana Control Office,Adult-Use,,,AK,,,,,1A,Anchorage,,,2024-03-24T22:01:20.007861
22091,2088944,Green Raven LLC,Retail Marijuana Store,Active-Operating,"5320 W Parks Hwy, Wasilla, AK 99623, UNITED STATES",Green Raven LLC,,,AAMCO,Alaska Alcohol and Marijuana Control Office,Adult-Use,,,AK,,,,,Wasilla,99623,,,2024-03-24T22:01:20.007861
22150,2088101,Top Shelf Herbs Of Alaska LLC,Retail Marijuana Store,Active-Operating,"901 Photo Ave Suite A, Anchorage, AK 99503, UNITED STATES",Top Shelf Herbs Of Alaska LLC,,,AAMCO,Alaska Alcohol and Marijuana Control Office,Adult-Use,,,AK,,,,,Anchorage,99503,,,2024-03-24T22:01:20.007861
22294,1070263,ALASKAN GROWN CANNABIS,Retail Marijuana Store,Active-Operating,"14477 Sterling Highway, Ninilchik, AK 99639, UNITED STATES",ALASKAN GROWN CANNABIS,,,AAMCO,Alaska Alcohol and Marijuana Control Office,Adult-Use,,,AK,,,,,Ninilchik,99639,,,2024-03-24T22:01:20.007861
22297,1031682,FOXY ENTERPRISES,Retail Marijuana Store,Active-Operating,"2158 Old Steese Hwy North, Fairbanks, AK 99712, UNITED STATES",FOXY ENTERPRISES,,,AAMCO,Alaska Alcohol and Marijuana Control Office,Adult-Use,,,AK,,,,,Fairbanks,99712,,,2024-03-24T22:01:20.007861
22327,2090055,Canna Get Happy LLC,Retail Marijuana Store,Active-Operating,"2321 E Palmer Wasilla Hwy, Wasilla, AK 99654, UNITED STATES",Canna Get Happy LLC,,,AAMCO,Alaska Alcohol and Marijuana Control Office,Adult-Use,,,AK,,,,,Wasilla,99654,,,2024-03-24T22:01:20.007861
22713,2168592,Red Run Cannabis Company,Retail Marijuana Store,Active-Operating,"910 W. International Airport Road, Suite B, Anchorage, AK 99518, UNITED STATES",Red Run Cannabis Company,,,AAMCO,Alaska Alcohol and Marijuana Control Office,Adult-Use,,,AK,,,,,Suite B,Anchorage,,,2024-03-24T22:01:20.007861
22716,2091408,CANNABLISS,Retail Marijuana Store,Active-Operating,"2001 E. 5TH AVENUE, Anchorage, AK 99501, UNITED STATES",CANNABLISS,,,AAMCO,Alaska Alcohol and Marijuana Control Office,Adult-Use,,,AK,,,,,Anchorage,99501,,,2024-03-24T22:01:20.007861
22809,2091749,Airport Way Best Bud,Retail Marijuana Store,Active-Operating,"3598 Airport Way, Fairbanks, AK 99709, UNITED STATES",Airport Way Best Bud,,,AAMCO,Alaska Alcohol and Marijuana Control Office,Adult-Use,,,AK,,,,,Fairbanks,99709,,,2024-03-24T22:01:20.007861
23122,2119742,MSB Flight,Retail Marijuana Store,Active-Operating,"5675 E Blue Lupine Dr, Wasilla, AK 99654, UNITED STATES",MSB Flight,,,AAMCO,Alaska Alcohol and Marijuana Control Office,Adult-Use,,,AK,,,,,Wasilla,99654,,,2024-03-24T22:01:20.007861
23455,2093844,Hatcher's Grass,Retail Marijuana Store,Active-Operating,"9300 N. Palmer Fishhook Rd, Building #2, Palmer, AK 99645, UNITED STATES",Hatcher's Grass,,,AAMCO,Alaska Alcohol and Marijuana Control Office,Adult-Use,,,AK,,,,,Building #2,Palmer,,,2024-03-24T22:01:20.007861
23468,2175652,Green Market,Retail Marijuana Store,Active-Operating,"301 E Dimond Blvd, Suite 1A, Anchorage, AK 99515, UNITED STATES",Green Market,,,AAMCO,Alaska Alcohol and Marijuana Control Office,Adult-Use,,,AK,,,,,Suite 1A,Anchorage,,,2024-03-24T22:01:20.007861
23627,2094627,Happy Walrus Enterprises,Retail Marijuana Store,Delegated,"310 Agviq Street, Point Hope, AK 99766, UNITED STATES",Happy Walrus Enterprises,,,AAMCO,Alaska Alcohol and Marijuana Control Office,Adult-Use,,,AK,,,,,Point Hope,99766,,,2024-03-24T22:01:20.007861
23652,2094860,SupHerb,Retail Marijuana Store,Active-Operating,"2121 N. POST ROAD, ANCHORAGE, AK 99501, UNITED STATES",SupHerb,,,AAMCO,Alaska Alcohol and Marijuana Control Office,Adult-Use,,,AK,,,,,ANCHORAGE,99501,,,2024-03-24T22:01:20.007861
23694,2094945,Greenstar Flower Outlet,Retail Marijuana Store,Active-Operating,"40593 Kalifornsky Beach Rd, Suite B, Kenai, AK 99611, UNITED STATES",Greenstar Flower Outlet,,,AAMCO,Alaska Alcohol and Marijuana Control Office,Adult-Use,,,AK,,,,,Suite B,Kenai,,,2024-03-24T22:01:20.007861
23777,1065302,ARCTIC HERBERY,Retail Marijuana Store,Active-Operating,"16021 Sterling Highway, Building #2, Cooper Landing, AK 99572, UNITED STATES",ARCTIC HERBERY,,,AAMCO,Alaska Alcohol and Marijuana Control Office,Adult-Use,,,AK,,,,,Building #2,Cooper Landing,,,2024-03-24T22:01:20.007861
23810,1042820,"FAT TOPS, LLC.",Retail Marijuana Store,Active-Operating,"35975 Kenai Spur Hwy., Soldotna, AK 99669, UNITED STATES","FAT TOPS, LLC.",,,AAMCO,Alaska Alcohol and Marijuana Control Office,Adult-Use,,,AK,,,,,Soldotna,99669,,,2024-03-24T22:01:20.007861
23813,2164234,Alaskan Grown Cannabis,Retail Marijuana Store,Active-Operating,"4326 Nathaniel Olemaun Jr. Boulevard, Utqiagvik, AK 99723, UNITED STATES",Alaskan Grown Cannabis,,,AAMCO,Alaska Alcohol and Marijuana Control Office,Adult-Use,,,AK,,,,,Utqiagvik,99723,,,2024-03-24T22:01:20.007861
23821,2092987,Catalyst Cannabis Company,Retail Marijuana Store,Active-Operating,"317 Muldoon Rd., Anchorage, AK 99504, UNITED STATES",Catalyst Cannabis Company,,,AAMCO,Alaska Alcohol and Marijuana Control Office,Adult-Use,,,AK,,,,,Anchorage,99504,,,2024-03-24T22:01:20.007861
23934,2129064,The Depot,Retail Marijuana Store,Active-Operating,"28011 Old Parks Highway, Suite 1, Willow, AK 99688, UNITED STATES",The Depot,,,AAMCO,Alaska Alcohol and Marijuana Control Office,Adult-Use,,,AK,,,,,Suite 1,Willow,,,2024-03-24T22:01:20.007861
23966,2096072,The Honey Pot,Retail Marijuana Store,Active-Operating,"2364 Badger Rd, Unit C, North Pole, AK 99705, UNITED STATES",The Honey Pot,,,AAMCO,Alaska Alcohol and Marijuana Control Office,Adult-Use,,,AK,,,,,Unit C,North Pole,,,2024-03-24T22:01:20.007861
24049,2096387,Country Cannabis,Retail Marijuana Store,Active-Operating,"2323 South Trunk Road, Palmer, AK 99645, UNITED STATES",Country Cannabis,,,AAMCO,Alaska Alcohol and Marijuana Control Office,Adult-Use,,,AK,,,,,Palmer,99645,,,2024-03-24T22:01:20.007861
24097,1043289,ALASKA HARVEST COMPANY LLC,Retail Marijuana Store,Active-Operating,"43837 Kalifornsky Beach RD, Soldotna, AK 99669, UNITED STATES",ALASKA HARVEST COMPANY LLC,,,AAMCO,Alaska Alcohol and Marijuana Control Office,Adult-Use,,,AK,,,,,Soldotna,99669,,,2024-03-24T22:01:20.007861
24238,2098019,Ganja Guys of Alaska,Retail Marijuana Store,Active-Operating,"101 E International Airport Rd, Anchorage, AK 99518, UNITED STATES",Ganja Guys of Alaska,,,AAMCO,Alaska Alcohol and Marijuana Control Office,Adult-Use,,,AK,,,,,Anchorage,99518,,,2024-03-24T22:01:20.007861
24383,2098768,Primo,Retail Marijuana Store,Active-Operating,"12870 Old Seward Highway, Space 105, Anchorage, AK 99515, UNITED STATES",Primo,,,AAMCO,Alaska Alcohol and Marijuana Control Office,Adult-Use,,,AK,,,,,Space 105,Anchorage,,,2024-03-24T22:01:20.007861
24541,2097118,Releaf,Retail Marijuana Store,Active-Operating,"910 W. International Airport Road, Unit A, Anchorage, AK 99518, UNITED STATES",Releaf,,,AAMCO,Alaska Alcohol and Marijuana Control Office,Adult-Use,,,AK,,,,,Unit A,Anchorage,,,2024-03-24T22:01:20.007861
24870,2122396,High-Mark Cannabis,Retail Marijuana Store,Active-Operating,"3807 Unit A West Machen Road, Wasilla, AK 99623, UNITED STATES",High-Mark Cannabis,,,AAMCO,Alaska Alcohol and Marijuana Control Office,Adult-Use,,,AK,,,,,Wasilla,99623,,,2024-03-24T22:01:20.007861
25169,2102968,Green Degree's Cannabis Bar,Retail Marijuana Store,Delegated,"2421 Spenard Rd, Anchorage, AK 99503, UNITED STATES",Green Degree's Cannabis Bar,,,AAMCO,Alaska Alcohol and Marijuana Control Office,Adult-Use,,,AK,,,,,Anchorage,99503,,,2024-03-24T22:01:20.007861
25190,2101719,Alaskan coffee pot,Retail Marijuana Store,Active-Operating,"2219 Dunn St., Juneau, AK 99801, UNITED STATES",Alaskan coffee pot,,,AAMCO,Alaska Alcohol and Marijuana Control Office,Adult-Use,,,AK,,,,,Juneau,99801,,,2024-03-24T22:01:20.007861
25309,2104068,Voodoo Cannabis Company,Retail Marijuana Store,Active-Operating,"930 Gambell st, anchorage, AK 99501, UNITED STATES",Voodoo Cannabis Company,,,AAMCO,Alaska Alcohol and Marijuana Control Office,Adult-Use,,,AK,,,,,anchorage,99501,,,2024-03-24T22:01:20.007861
25324,2104183,Alaskan Grown Cannabis,Retail Marijuana Store,Active-Operating,"213 West A Street, Dillingham, AK 99576, UNITED STATES",Alaskan Grown Cannabis,,,AAMCO,Alaska Alcohol and Marijuana Control Office,Adult-Use,,,AK,,,,,Dillingham,99576,,,2024-03-24T22:01:20.007861
25442,2105381,Alaskan Originals,Retail Marijuana Store,Active-Operating,"3591 S. Vine Road, Wasilla, AK 99623, UNITED STATES",Alaskan Originals,,,AAMCO,Alaska Alcohol and Marijuana Control Office,Adult-Use,,,AK,,,,,Wasilla,99623,,,2024-03-24T22:01:20.007861
25902,2108036,Tl'oh Suu by Green Degree,Retail Marijuana Store,Active-Operating,"Mile 1264.1 Alaska Highway, Northway, AK 99764, UNITED STATES",Tl'oh Suu by Green Degree,,,AAMCO,Alaska Alcohol and Marijuana Control Office,Adult-Use,,,AK,,,,,Northway,99764,,,2024-03-24T22:01:20.007861
26251,1035647,GOODSINSE LLC,Retail Marijuana Store,Active-Operating,"29 College Road Suite 8C, Fairbanks, AK 99701, UNITED STATES",GOODSINSE LLC,,,AAMCO,Alaska Alcohol and Marijuana Control Office,Adult-Use,,,AK,,,,,Fairbanks,99701,,,2024-03-24T22:01:20.007861
26721,2111965,Mr. Budd,Retail Marijuana Store,Delegated,"9370 E Palmer Wasilla Hwy, Suite 1, Palmer, AK 99645, UNITED STATES",Mr. Budd,,,AAMCO,Alaska Alcohol and Marijuana Control Office,Adult-Use,,,AK,,,,,Suite 1,Palmer,,,2024-03-24T22:01:20.007861
27096,1033365,GREEN DEGREE,Retail Marijuana Store,Active-Operating,"2888 S Clapp St, Wasilla, AK 99623, UNITED STATES",GREEN DEGREE,,,AAMCO,Alaska Alcohol and Marijuana Control Office,Adult-Use,,,AK,,,,,Wasilla,99623,,,2024-03-24T22:01:20.007861
27199,2114743,"Green Jar Palmer, LLC",Retail Marijuana Store,Delegated,"11709 E Palmer-Wasilla Hwy, Suite 420, Palmer, AK 99645, UNITED STATES","Green Jar Palmer, LLC",,,AAMCO,Alaska Alcohol and Marijuana Control Office,Adult-Use,,,AK,,,,,Suite 420,Palmer,,,2024-03-24T22:01:20.007861
27317,2115576,Talkeetna Connection,Retail Marijuana Store,Active-Pending Inspection,"39209 S Talkeetna Spur Rd, Talkeetna, AK 99676, UNITED STATES",Talkeetna Connection,,,AAMCO,Alaska Alcohol and Marijuana Control Office,Adult-Use,,,AK,,,,,Talkeetna,99676,,,2024-03-24T22:01:20.007861
27522,2116208,The Connoisseur Lounge,Retail Marijuana Store,Active-Operating,"226 W. Evergreen Ave, Palmer, AK 99645, UNITED STATES",The Connoisseur Lounge,,,AAMCO,Alaska Alcohol and Marijuana Control Office,Adult-Use,,,AK,,,,,Palmer,99645,,,2024-03-24T22:01:20.007861
27532,2111699,Alaska Vibes,Retail Marijuana Store,Active-Pending Inspection,"10011 Glacier Highway, Juneau, AK 99801, UNITED STATES",Alaska Vibes,,,AAMCO,Alaska Alcohol and Marijuana Control Office,Adult-Use,,,AK,,,,,Juneau,99801,,,2024-03-24T22:01:20.007861
28012,1054744,THE MASON JAR LLC,Retail Marijuana Store,Active-Operating,"613 & 619 W. Willoughby Ave., Juneau, AK 99801, UNITED STATES",THE MASON JAR LLC,,,AAMCO,Alaska Alcohol and Marijuana Control Office,Adult-Use,,,AK,,,,,Juneau,99801,,,2024-03-24T22:01:20.007861
28093,1036588,THE HOUSE OF GREEN,Retail Marijuana Store,Active-Pending Inspection,"9410 Old Seward Hwy, Anchorage, AK 99515, UNITED STATES",THE HOUSE OF GREEN,,,AAMCO,Alaska Alcohol and Marijuana Control Office,Adult-Use,,,AK,,,,,Anchorage,99515,,,2024-03-24T22:01:20.007861
28899,2125467,worner brothers outpost,Retail Marijuana Store,Active-Operating,"33590 Sterling Hwy, Sterling, AK 99672, UNITED STATES",worner brothers outpost,,,AAMCO,Alaska Alcohol and Marijuana Control Office,Adult-Use,,,AK,,,,,Sterling,99672,,,2024-03-24T22:01:20.007861
28917,2125636,Back Alley Vapes,Retail Marijuana Store,Active-Operating,"51698 Kenai Spur Hwy, Suite D, kenai, AK 99611, UNITED STATES",Back Alley Vapes,,,AAMCO,Alaska Alcohol and Marijuana Control Office,Adult-Use,,,AK,,,,,Suite D,kenai,,,2024-03-24T22:01:20.007861
29084,2111155,Highpothermia,Retail Marijuana Store,Active-Pending Inspection,"741 E 13th Ave, Anchorage, AK 99501, UNITED STATES",Highpothermia,,,AAMCO,Alaska Alcohol and Marijuana Control Office,Adult-Use,,,AK,,,,,Anchorage,99501,,,2024-03-24T22:01:20.007861
29095,1062162,SCORPION GRASS,Retail Marijuana Store,Active-Operating,"1150 Huffman Park Drive, Anchorage, AK 99515, UNITED STATES",SCORPION GRASS,,,AAMCO,Alaska Alcohol and Marijuana Control Office,Adult-Use,,,AK,,,,,Anchorage,99515,,,2024-03-24T22:01:20.007861
29266,2180099,Dandelion Dispensary,Retail Marijuana Store,Active-Operating,"1053 Haines Hwy, Haines, AK 99827, UNITED STATES",Dandelion Dispensary,,,AAMCO,Alaska Alcohol and Marijuana Control Office,Adult-Use,,,AK,,,,,Haines,99827,,,2024-03-24T22:01:20.007861
29341,2128444,Cannabis Cove,Retail Marijuana Store,Active-Operating,"7198 N Tongass Highway, Ketchikan, AK 99901, UNITED STATES",Cannabis Cove,,,AAMCO,Alaska Alcohol and Marijuana Control Office,Adult-Use,,,AK,,,,,Ketchikan,99901,,,2024-03-24T22:01:20.007861
29422,2175880,Houdini's Herb,Retail Marijuana Store,Delegated,"2343 S. BIRCH LAKE DRIVE, Wasilla, AK 99654, UNITED STATES",Houdini's Herb,,,AAMCO,Alaska Alcohol and Marijuana Control Office,Adult-Use,,,AK,,,,,Wasilla,99654,,,2024-03-24T22:01:20.007861
29564,1051864,REBEL ROOTS LLC,Retail Marijuana Store,Active-Operating,"261 OLD STEESE HWY N, Fairbanks, AK 99712, UNITED STATES",REBEL ROOTS LLC,,,AAMCO,Alaska Alcohol and Marijuana Control Office,Adult-Use,,,AK,,,,,Fairbanks,99712,,,2024-03-24T22:01:20.007861
29768,2121975,Higher Dimensions,Retail Marijuana Store,Active-Operating,"9737 Mud Bay Rd Unit 101, Ketchikan, AK 99901, UNITED STATES",Higher Dimensions,,,AAMCO,Alaska Alcohol and Marijuana Control Office,Adult-Use,,,AK,,,,,Ketchikan,99901,,,2024-03-24T22:01:20.007861
29874,2131856,Smoke Out Point,Retail Marijuana Store,Delegated,"10600 E. Max Drive, Palmer, AK 99645, UNITED STATES",Smoke Out Point,,,AAMCO,Alaska Alcohol and Marijuana Control Office,Adult-Use,,,AK,,,,,Palmer,99645,,,2024-03-24T22:01:20.007861
30153,1038791,UNCLE HERB'S,Retail Marijuana Store,Active-Operating,"209 King Circle, Suite 1, Anchorage, AK 99515, UNITED STATES",UNCLE HERB'S,,,AAMCO,Alaska Alcohol and Marijuana Control Office,Adult-Use,,,AK,,,,,Suite 1,Anchorage,,,2024-03-24T22:01:20.007861
30156,1038791,UNCLE HERB'S,Retail Marijuana Store,Delegated,"44728 Sterling Highway, Soldotna, AK 99669, UNITED STATES",UNCLE HERB'S,,,AAMCO,Alaska Alcohol and Marijuana Control Office,Adult-Use,,,AK,,,,,Soldotna,99669,,,2024-03-24T22:01:20.007861
30362,2135771,The Pot Shop,Retail Marijuana Store,Delegated,"902 W. Northern Lights Blvd, Anchorage, AK 99503, UNITED STATES",The Pot Shop,,,AAMCO,Alaska Alcohol and Marijuana Control Office,Adult-Use,,,AK,,,,,Anchorage,99503,,,2024-03-24T22:01:20.007861
30459,2136366,Alaskan Grown Cannabis,Retail Marijuana Store,Active-Pending Inspection,"2505 Fairbanks Street, Unit 1, Anchorage, AK 99503, UNITED STATES",Alaskan Grown Cannabis,,,AAMCO,Alaska Alcohol and Marijuana Control Office,Adult-Use,,,AK,,,,,Unit 1,Anchorage,,,2024-03-24T22:01:20.007861
30563,2136975,Good Vibes Bethel,Retail Marijuana Store,Active-Operating,"323 Chief Eddie Hoffman Hwy, Bethel, AK 99559, UNITED STATES",Good Vibes Bethel,,,AAMCO,Alaska Alcohol and Marijuana Control Office,Adult-Use,,,AK,,,,,Bethel,99559,,,2024-03-24T22:01:20.007861
30593,2086134,Pipe and Leaf: Premium Alaskan Cannabis,Retail Marijuana Store,Active-Operating,"899 Old Steese Highway, Fairbanks, AK 99709, UNITED STATES",Pipe and Leaf: Premium Alaskan Cannabis,,,AAMCO,Alaska Alcohol and Marijuana Control Office,Adult-Use,,,AK,,,,,Fairbanks,99709,,,2024-03-24T22:01:20.007861
30783,2124851,Wobbly Moose,Retail Marijuana Store,Active-Operating,"1036 E. 4TH AVE., Anchorage, AK 99501, UNITED STATES",Wobbly Moose,,,AAMCO,Alaska Alcohol and Marijuana Control Office,Adult-Use,,,AK,,,,,Anchorage,99501,,,2024-03-24T22:01:20.007861
30822,2138622,Copper Nugget,Retail Marijuana Store,Delegated,"Lot 3 Block 1, Laurence Barrett, Addition to, Townsite of McCarthy, McCarthy, AK 99588, UNITED STATES",Copper Nugget,,,AAMCO,Alaska Alcohol and Marijuana Control Office,Adult-Use,,,AK,,,,,Laurence Barrett,Addition to,,,2024-03-24T22:01:20.007861
30838,2138318,Stash Cannabis Company,Retail Marijuana Store,Active-Operating,"12825 W. Big Lake Road, Building #2, Big Lake, AK 99654, UNITED STATES",Stash Cannabis Company,,,AAMCO,Alaska Alcohol and Marijuana Control Office,Adult-Use,,,AK,,,,,Building #2,Big Lake,,,2024-03-24T22:01:20.007861
30974,2139373,"Green Jar Hatcher Pass, LLC",Retail Marijuana Store,Active-Operating,"9351 N Palmer Fishhook Rd, Palmer, AK 99645, UNITED STATES","Green Jar Hatcher Pass, LLC",,,AAMCO,Alaska Alcohol and Marijuana Control Office,Adult-Use,,,AK,,,,,Palmer,99645,,,2024-03-24T22:01:20.007861
31005,2139604,Green Growcer,Retail Marijuana Store,Delegated,"2835 Rose Street, Unit 1 (same as unit A), Anchorage, AK 99508, UNITED STATES",Green Growcer,,,AAMCO,Alaska Alcohol and Marijuana Control Office,Adult-Use,,,AK,,,,,Unit 1 (same as unit A),Anchorage,,,2024-03-24T22:01:20.007861
31417,2092987,Catalyst Cannabis Company,Retail Marijuana Store,Delegated,"5305 E Northern Lights BLVD, Anchorage, AK 99508, UNITED STATES",Catalyst Cannabis Company,,,AAMCO,Alaska Alcohol and Marijuana Control Office,Adult-Use,,,AK,,,,,Anchorage,99508,,,2024-03-24T22:01:20.007861
31418,2092987,Catalyst Cannabis Company,Retail Marijuana Store,Active-Operating,"4707 Spenard Rd, Anchorage, AK 99517, UNITED STATES",Catalyst Cannabis Company,,,AAMCO,Alaska Alcohol and Marijuana Control Office,Adult-Use,,,AK,,,,,Anchorage,99517,,,2024-03-24T22:01:20.007861
32116,2148469,Fort Green Alaska,Retail Marijuana Store,Delegated,"7821 W. Parks Hwy, Upper Level, Wasilla, AK 99623, UNITED STATES",Fort Green Alaska,,,AAMCO,Alaska Alcohol and Marijuana Control Office,Adult-Use,,,AK,,,,,Upper Level,Wasilla,,,2024-03-24T22:01:20.007861
32241,2175221,Arctic Cannabis LLC,Retail Marijuana Store,Active-Operating,"476 Egasak Street, Unit A, Barrow, AK 99723, UNITED STATES",Arctic Cannabis LLC,,,AAMCO,Alaska Alcohol and Marijuana Control Office,Adult-Use,,,AK,,,,,Unit A,Barrow,,,2024-03-24T22:01:20.007861
32368,2150305,AK Legend's The Dispensary,Retail Marijuana Store,Active-Pending Inspection,"7750 King St, Anchorage, AK 99518, UNITED STATES",AK Legend's The Dispensary,,,AAMCO,Alaska Alcohol and Marijuana Control Office,Adult-Use,,,AK,,,,,Anchorage,99518,,,2024-03-24T22:01:20.007861
32424,2091408,CANNABLISS,Retail Marijuana Store,Delegated,"149 Muldoon Rd., Anchorage, AK 99504, UNITED STATES",CANNABLISS,,,AAMCO,Alaska Alcohol and Marijuana Control Office,Adult-Use,,,AK,,,,,Anchorage,99504,,,2024-03-24T22:01:20.007861
32759,2153479,Northern Emerald,Retail Marijuana Store,Delegated,"2803 S. Old Glenn Hwy, Building #2, Palmer, AK 99645, UNITED STATES",Northern Emerald,,,AAMCO,Alaska Alcohol and Marijuana Control Office,Adult-Use,,,AK,,,,,Building #2,Palmer,,,2024-03-24T22:01:20.007861
32773,2151613,Red's Outpost,Retail Marijuana Store,Active-Operating,"41790 Sterling Highway, Soldotna, AK 99669, UNITED STATES",Red's Outpost,,,AAMCO,Alaska Alcohol and Marijuana Control Office,Adult-Use,,,AK,,,,,Soldotna,99669,,,2024-03-24T22:01:20.007861
32848,2154335,Shoreline Cannabis,Retail Marijuana Store,Delegated,"4200 E Snider Rd., Wasilla, AK 99654, UNITED STATES",Shoreline Cannabis,,,AAMCO,Alaska Alcohol and Marijuana Control Office,Adult-Use,,,AK,,,,,Wasilla,99654,,,2024-03-24T22:01:20.007861
33236,2157350,Kachemak Cannabis,Retail Marijuana Store,Active-Operating,"3585 East End Road, Suite #3, Homer, AK 99603, UNITED STATES",Kachemak Cannabis,,,AAMCO,Alaska Alcohol and Marijuana Control Office,Adult-Use,,,AK,,,,,Suite #3,Homer,,,2024-03-24T22:01:20.007861
33270,2147610,Treadwell Herb Company LLC,Retail Marijuana Store,Active-Operating,"824 Front Street, Douglas, AK 99824, UNITED STATES",Treadwell Herb Company LLC,,,AAMCO,Alaska Alcohol and Marijuana Control Office,Adult-Use,,,AK,,,,,Douglas,99824,,,2024-03-24T22:01:20.007861
33305,2157697,Ganja By Sarah,Retail Marijuana Store,Active-Operating,"7830 Old Seward Hwy, Anchorage, AK 99518, UNITED STATES",Ganja By Sarah,,,AAMCO,Alaska Alcohol and Marijuana Control Office,Adult-Use,,,AK,,,,,Anchorage,99518,,,2024-03-24T22:01:20.007861
33609,2160550,The Culture,Retail Marijuana Store,Active-Operating,"2301 S Knik-Goose Bay Rd #1, Wasilla, AK 99654, UNITED STATES",The Culture,,,AAMCO,Alaska Alcohol and Marijuana Control Office,Adult-Use,,,AK,,,,,Wasilla,99654,,,2024-03-24T22:01:20.007861
33633,2160495,1717 Cannabis,Retail Marijuana Store,Delegated,"1717 College Road, Fairbanks, AK 99709, UNITED STATES",1717 Cannabis,,,AAMCO,Alaska Alcohol and Marijuana Control Office,Adult-Use,,,AK,,,,,Fairbanks,99709,,,2024-03-24T22:01:20.007861
34403,2166043,Enlighten Alaska,Retail Marijuana Store,Active-Pending Inspection,"7317 Old Seward Highway, Anchorage, AK 99518, UNITED STATES",Enlighten Alaska,,,AAMCO,Alaska Alcohol and Marijuana Control Office,Adult-Use,,,AK,,,,,Anchorage,99518,,,2024-03-24T22:01:20.007861
34761,2168530,420 Green Street,Retail Marijuana Store,Active-Pending Inspection,"505 Front Street, Craig, AK 99921, UNITED STATES",420 Green Street,,,AAMCO,Alaska Alcohol and Marijuana Control Office,Adult-Use,,,AK,,,,,Craig,99921,,,2024-03-24T22:01:20.007861
34794,1069832,KENAI RIVER CANNABIS,Retail Marijuana Store,Active-Operating,"Lot 1 Public Right of Way Road, Stebbins, AK 99671, UNITED STATES",KENAI RIVER CANNABIS,,,AAMCO,Alaska Alcohol and Marijuana Control Office,Adult-Use,,,AK,,,,,Stebbins,99671,,,2024-03-24T22:01:20.007861
34856,2170048,The Tufted Puffin,Retail Marijuana Store,Delegated,"48380 Sterling Highway, Soldotna, AK 99669, UNITED STATES",The Tufted Puffin,,,AAMCO,Alaska Alcohol and Marijuana Control Office,Adult-Use,,,AK,,,,,Soldotna,99669,,,2024-03-24T22:01:20.007861
35328,2181828,Outlook Dispensary,Retail Marijuana Store,Delegated,"570 E Benson Blvd, Suite 20, Anchorage, AK 99503, UNITED STATES",Outlook Dispensary,,,AAMCO,Alaska Alcohol and Marijuana Control Office,Adult-Use,,,AK,,,,,Suite 20,Anchorage,,,2024-03-24T22:01:20.007861
35466,2187995,The Green Anchor,Retail Marijuana Store,Complete,"34145 Chapman St, Anchor Point, AK 99556, UNITED STATES",The Green Anchor,,,AAMCO,Alaska Alcohol and Marijuana Control Office,Adult-Use,,,AK,,,,,Anchor Point,99556,,,2024-03-24T22:01:20.007861
35490,2175682,Sensimilla,Retail Marijuana Store,Delegated,"1431 Muldoon Road, Anchorage, AK 99504, UNITED STATES",Sensimilla,,,AAMCO,Alaska Alcohol and Marijuana Control Office,Adult-Use,,,AK,,,,,Anchorage,99504,,,2024-03-24T22:01:20.007861
35531,2176236,Southside Growers Co-Op,Retail Marijuana Store,Active-Operating,"9400 Old Seward Highway, Anchorage, AK 99515, UNITED STATES",Southside Growers Co-Op,,,AAMCO,Alaska Alcohol and Marijuana Control Office,Adult-Use,,,AK,,,,,Anchorage,99515,,,2024-03-24T22:01:20.007861
35626,2176719,Dutch Harbor Cannabis Co.,Retail Marijuana Store,Active-Pending Inspection,"749 E Broadway Avenue, Unalaska, AK 99685, UNITED STATES",Dutch Harbor Cannabis Co.,,,AAMCO,Alaska Alcohol and Marijuana Control Office,Adult-Use,,,AK,,,,,Unalaska,99685,,,2024-03-24T22:01:20.007861
35631,1067746,HIGH VIBES LLC,Retail Marijuana Store,Active-Pending Inspection,"2145 Richardson Hwy, North Pole, AK 99705, UNITED STATES",HIGH VIBES LLC,,,AAMCO,Alaska Alcohol and Marijuana Control Office,Adult-Use,,,AK,,,,,North Pole,99705,,,2024-03-24T22:01:20.007861
35633,2176609,Coastal Cannabis Company,Retail Marijuana Store,Active-Operating,"1900 Mineral Creek Loop Rd, Valdez, AK 99686, UNITED STATES",Coastal Cannabis Company,,,AAMCO,Alaska Alcohol and Marijuana Control Office,Adult-Use,,,AK,,,,,Valdez,99686,,,2024-03-24T22:01:20.007861
36580,1064577,THE TUFTED PUFFIN LLC,Retail Marijuana Store,Delegated,"408 Port Ave, Seward, AK 99664, UNITED STATES",THE TUFTED PUFFIN LLC,,,AAMCO,Alaska Alcohol and Marijuana Control Office,Adult-Use,,,AK,,,,,Seward,99664,,,2024-03-24T22:01:20.007861
36739,1042820,"FAT TOPS, LLC.",Retail Marijuana Store,Complete,"33200 Sterling Hwy., Anchor Point, AK 99556, UNITED STATES","FAT TOPS, LLC.",,,AAMCO,Alaska Alcohol and Marijuana Control Office,Adult-Use,,,AK,,,,,Anchor Point,99556,,,2024-03-24T22:01:20.007861
36831,2185730,BoomTown Buds,Retail Marijuana Store,Active-Pending Inspection,"200 4th Ave, Skagway, AK 99840, UNITED STATES",BoomTown Buds,,,AAMCO,Alaska Alcohol and Marijuana Control Office,Adult-Use,,,AK,,,,,Skagway,99840,,,2024-03-24T22:01:20.007861
